Albatross ALB-3U,,95,"1,668",41,Brawler,TR:CI RS:CI,Standard,,3053
Albatross ALB-3Ur,,95,"1,902",42,Brawler,TR:CI RS:3085u-ONN,Standard,,3076
Albatross ALB-5U,,95,"1,885",42,Brawler,Shrap13 ShrapRS,Standard,,3091
Annihilator ANH-2A,,100,"1,595",41,Juggernaut,TR:3050U RSFP:WD,Standard,,3048
Annihilator ANH-3A,,100,"1,712",47,Juggernaut,TR:3050U RS:3050Uu-I,Standard,,3068
Annihilator ANH-4A,,100,"1,726",46,Sniper,TR:3050U RS:3050Uu-I,Standard,,3069
Annihilator ANH-5W,,100,"2,595",62,Sniper,RG24 RSFP:WD,Standard,,3134
Annihilator C,,100,"2,520",57,Sniper,His:OK RS:OK,Standard,,2848
Anubis ABS-3T,,30,"1,150",31,Striker,TR:3067 RS:3067u,Standard,,3067
Anubis ABS-4C,,30,833,31,Missile Boat,TR:3067 RS:3067u,Standard,,3082
Anvil ANV-3M,,60,"1,441",35,Skirmisher,TR:CI RS:CI,Standard,,3055
Anvil ANV-3R,,60,"1,496",40,Skirmisher,TR:CI RS:CI,Standard,,3067
Anvil ANV-6M,,60,"1,366",36,Skirmisher,TR:CI RS:CI,Standard,,3058
Apollo APL-1M,,55,"1,207",34,Missile Boat,TR:3055U RS:3055Uu,Standard,,3054
Apollo APL-1R,,55,"1,148",31,Missile Boat,TR:3055U RS:3055Uu,Standard,,3056
Aquagladius AQS-4,,50,"1,486",30,Striker,TR:3055U RS:3055Uu,Experimental,,3066
Aquagladius AQS-5 MAM,,50,"1,946",34,Skirmisher,XTR:Caveat XTR:Caveat,Experimental,,3090
Arbalest,,25,"1,029",26,Missile Boat,TR:DA RS:DA,Standard,,3077
Arbalest 2,,25,"1,098",24,Missile Boat,TR:DA RS:DA,Standard,,3079
Arbalest 3,,25,921,30,Brawler,TR:DA RS:DA,Standard,,3081
Archer ARC-2R,,70,"1,477",39,Missile Boat,TR:3039 RSFP:Wave 1,Introductory,,2474
Archer ARC-2Rb,,70,"1,705",44,Missile Boat,RGv1 RG10,Standard,,2752
Archer ARC-4M,,70,"1,705",44,Missile Boat,RGv1 RG10,Standard,,3049
Archer ARC-4M2,,70,"1,742",44,Missile Boat,RGv1 RG10,Standard,,3086
Archer ARC-5R,,70,"1,674",37,Missile Boat,RGv1 RG10,Standard,,3050
Archer ARC-5W,,70,"1,337",38,Missile Boat,RGv1 RG10,Standard,,3050
Archer ARC-6S,,70,"1,694",43,Missile Boat,TR:CI RS:CI,Standard,,3067
Archer ARC-7C,,70,"2,408",49,Missile Boat,RGv1 RG10,Standard,,3119
Archer ARC-7S,,70,"1,658",42,Missile Boat,BattleCorps RS:3085u-PP,Standard,,3070
Archer ARC-8M,,70,"1,759",43,Missile Boat,TR:CI RS:CI,Standard,,3067
Archer ARC-9M,,70,"1,811",42,Missile Boat,TR:3085 RS:3085u-PP,Standard,,3076
Archer ARC-9R,,70,"1,668",37,Missile Boat,RGv1 RG10,Standard,,3114
Arctic Fox AF1,,30,983,25,Striker,TR:3060 RS:3060u,Standard,,3059
Arctic Fox AF1A,,30,858,24,Striker,TR:3060 RS:3060u,Standard,,3059
Arctic Fox AF1B,,30,735,20,Striker,TR:3060 RS:3060u,Standard,,3059
Arctic Fox AF1C,,30,948,20,Striker,TR:3060 RS:3060u,Standard,,3059
Arctic Fox AF1D,,30,744,21,Missile Boat,TR:3060 RS:3060u,Standard,,3059
Arctic Fox AF1E,,30,"1,094",24,Sniper,TR:3060 RS:3060u,Standard,,3069
Arctic Fox AF1F,,30,891,25,Striker,TR:3060 RS:3060u,Standard,,3072
Arctic Fox AF1U,,30,821,15,Sniper,TR:3060 RS:3085u-ONN,Experimental,,3072
Argus AGS-4D,,60,"1,638",42,Skirmisher,TR:CI RS:CI,Standard,,3062
Assassin ASN-30,,40,925,23,Scout,TR:3050U RS:3050Uu-I,Standard,,3062
Atlas AS7-Dr,,100,"2,101",55,Juggernaut,TR:DA RS:DA,Standard,,3070
Atlas AS7-K,,100,"2,175",45,Sniper,TR:3050U RSFP:Wave 2,Standard,,3049
Atlas AS7-K2,,100,"2,160",48,Sniper,TR:DA RS:DA,Standard,,3082
Atlas AS7-K3,,100,"2,346",45,Sniper,TR:DA RS:DA,Standard,,3083
Atlas AS7-RS,,100,"1,849",48,Juggernaut,TR:SW RS:SW,Introductory,,2892
Atlas AS7-S,,100,"1,929",52,Juggernaut,TR:3050U RS:3050Uu-I,Standard,,3050
Atlas AS7-S2,,100,"2,378",51,Sniper,TR:3050U RS:3050Uu-I,Standard,,3061
Atlas AS7-S3,,100,"2,378",54,Sniper,RGv1 RG24,Standard,,3062
Atlas AS7-S3-DC,,100,"2,276",52,Sniper,RGv1 RG24,Advanced,,3064
Atlas AS7-S4,,100,"2,568",55,Sniper,RGv1 RG24,Standard,,3109
Atlas AS8-D,,100,"2,432",54,Juggernaut,TR:DA RS:DA,Standard,,3074
Atlas AS8-KE,,100,"2,658",53,Juggernaut,RGv1 RG24,Advanced,,3140
Atlas C,,100,"2,340",55,Juggernaut,RGv1 RG24,Standard,,2830
Atlas C 2,,100,"2,736",57,Juggernaut,RGv1 RSFP:HRR,Standard,,2840
Atlas C 3,,100,"2,606",62,Sniper,RGv1 RG24,Advanced,,2842
Atlas II AS7-D-H (Devlin),,100,"2,491",55,Juggernaut,Total Chaos Total Chaos,Experimental,,Unknown
Atlas II AS7-DK-H,,100,"2,599",52,Brawler,RG24 RG24,Standard,,3139
Atlas III AS7-D2,,100,"2,890",62,Juggernaut,TR:DA RS:DA,Standard,,3110
Atlas III AS7-D3,,100,"2,564",58,Juggernaut,TR:DA RS:DA,Advanced,,3137
Avalanche AVL-1O,,50,"1,540",35,Missile Boat,TR:DA RS:DA,Standard,,3133
Avalanche AVL-1OA,,50,"1,484",33,Skirmisher,TR:DA RS:DA,Standard,,3133
Avalanche AVL-1OB,,50,"1,529",34,Skirmisher,TR:DA RS:DA,Standard,,3133
Avalanche AVL-1OC,,50,"1,341",32,Skirmisher,TR:DA RS:DA,Standard,,3133
Avalanche AVL-1ON,,50,"1,873",34,Sniper,TR:DA RS:DA,Standard,,3133
Avalanche AVL-1OR,,50,"2,043",37,Missile Boat,TR:DA RS:DA,Standard,,3133
Avatar AV1-O,,70,"1,395",37,Brawler,TR:CI RS:CI,Standard,,3056
Avatar AV1-OA,,70,"1,481",34,Brawler,TR:CI RS:CI,Standard,,3056
Avatar AV1-OB,,70,"1,496",39,Missile Boat,TR:CI RS:CI,Standard,,3056
Avatar AV1-OC,,70,"1,406",41,Sniper,TR:CI RS:CI,Standard,,3056
Avatar AV1-OD,,70,"1,475",39,Brawler,TR:CI RS:CI,Standard,,3060
Avatar AV1-OF,,70,"1,667",33,Brawler,TR:CI RS:CI,Standard,,3064
Avatar AV1-OG,,70,"1,775",34,Sniper,TR:CI RS:3058Uu-I,Standard,,3056
Avatar AV1-OH,,70,"1,604",37,Sniper,TR:CI RS:3058Uu-I,Standard,,3069
Avatar AV1-OI,,70,"1,606",38,Missile Boat,TR:CI RS:3058Uu-I,Advanced,,3078
Avatar AV1-OJ,,70,"2,223",38,Sniper,TR:CI RS:3145,Standard,,3099
Avatar AV1-OR,,70,"1,833",36,Brawler,TR:CI RS:3058Uu-I,Experimental,,3059
Avatar AV1-OU,,70,"1,359",40,Missile Boat,TR:CI RS:3085u-ONN,Standard,,3077
Awesome AWS-10KM,,80,"1,961",46,Juggernaut,TR:3050U RS:3050Uu-I,Standard,,3068
Awesome AWS-11H,,80,"2,036",46,Sniper,RG04 RG04,Standard,,3142
Awesome AWS-8Q,,80,"1,605",39,Sniper,TR:SW RSFP:Wave 1,Introductory,,2665
Awesome AWS-9M,,80,"1,812",41,Brawler,TR:3050U RSFP:Wave 1,Standard,,3049
Awesome AWS-9Ma,,80,"1,836",42,Sniper,TR:3050U RS:3050Uu-I,Advanced,,3051
Awesome AWS-9Q,,80,"1,875",45,Sniper,TR:3050U RS:3050Uu-I,Standard,,3057
Axman AXM-3S,,65,"1,649",32,Skirmisher,TR:CI RS:CI,Standard,,3060
Axman AXM-3Sr,,65,"1,734",39,Skirmisher,RS:3085u-ONN TR:3085,Standard,,3069
Baboon (Howler),,20,645,20,Missile Boat,RGv1 RSFP:Wave 2,Standard,,2871
Baboon (Howler) 4,,20,506,17,Scout,RGv1 RG08,Standard,,2877
Baboon (Howler) 5,,20,"1,363",29,Striker,RGv1 RG08,Standard,,3053
Baboon (Howler) 6,,20,550,23,Striker,RGv1 RG08,Advanced,,3086
Bandersnatch BNDR-01A,,75,"1,478",37,Brawler,TR:J RS:J,Standard,,3052
Bandersnatch BNDR-01Ar,,75,"1,522",39,Brawler,TR:3085 RS:3085u-ONN,Standard,,3071
Bandersnatch BNDR-01B,,75,"1,630",40,Brawler,TR:J RS:J,Standard,,3065
Banshee BNC-3Mr,,95,"1,801",41,Sniper,TR:3085 RS:3085u-ONN,Standard,,3073
Banshee BNC-5S,,95,"2,065",42,Sniper,TR:3050U RSFP:Wave 2,Standard,,3053
Barghest BGS-1T,,70,"1,787",37,Sniper,TR:3060 RS:3060u,Standard,,3058
Barghest BGS-2T,,70,"1,794",40,Skirmisher,TR:3060 RS:3060u,Standard,,3060
Barghest BGS-3T,,70,"1,900",37,Skirmisher,TR:3060 RS:3060u,Standard,,3062
Barghest BGS-4T,,70,"1,734",42,Brawler,TR:Proto RS:Proto,Advanced,,3083
Battle Cobra BTL-C-2OG,,40,"1,217",24,Brawler,Shrap11 ShrapRS,Standard,,3083
Battle Cobra BTL-C-2OH,,40,"1,305",31,Missile Boat,Shrap11 ShrapRS,Standard,,3083
Battle Cobra BTL-C-2OI,,40,"1,019",29,Skirmisher,Shrap11 ShrapRS,Standard,,3083
Battle Cobra BTL-C-2OJ,,40,"1,269",28,Skirmisher,Shrap11 ShrapRS,Advanced,,3144
Battle Hawk BH-K305,,30,771,24,Striker,TR:CI RS:CI,Standard,,3053
BattleAxe BKX-7K,,70,"1,329",31,Sniper,TR:SW RS:SW,Introductory,,2475
BattleAxe BKX-8D,,70,"1,592",42,Skirmisher,TR:SW RS:3075u-AW,Standard,,3073
BattleMaster BLR-10S,,85,"1,927",50,Juggernaut,TR:3085 RS:3085u-PP,Standard,,3070
BattleMaster BLR-1G,,85,"1,519",40,Brawler,TR:SW RSFP:Wave 1,Introductory,,2633
BattleMaster BLR-1Gb,,85,"1,825",44,Brawler,TR:3075 RS:3075u-AW,Standard,,2760
BattleMaster BLR-1Gc,,85,"1,577",43,Brawler,TR:3075 RS:3075u-AW,Advanced,,2763
BattleMaster BLR-3M,,85,"1,679",42,Brawler,RGv1 RSFP:Wave 1,Standard,,3049
BattleMaster BLR-4S,,85,"2,018",44,Brawler,TR:CI RS:CI,Standard,,3062
BattleMaster BLR-6C,,85,"1,557",39,Juggernaut,RGv1 RG03,Advanced,,3081
BattleMaster BLR-6G,,85,"1,960",44,Brawler,RGv1 RG03,Standard,,3088
BattleMaster BLR-6M,,85,"1,958",47,Sniper,TR:3150 RS:3150,Advanced,,3120
BattleMaster BLR-6R,,85,"2,181",46,Brawler,RGv1 RG03,Standard,,3104
BattleMaster BLR-M3,,85,"1,674",52,Sniper,BattleCorps RS:3085u-PP,Standard,,3070
BattleMaster C 3,,85,"2,532",50,Juggernaut,RGv1 RG03,Standard,,3145
Berserker BRZ-A3,,100,"2,117",49,Juggernaut,TR:CI RS:CI,Standard,,3056
Berserker BRZ-C3,,100,"2,354",49,Juggernaut,TR:CI RS:CI,Standard,,3067
Black Hawk (Nova) A,,50,"2,422",35,Sniper,TR:CI RSFP:Wave 1,Standard,,2870
Black Hawk (Nova) B,,50,"1,543",32,Sniper,TR:CI RSFP:Wave 1,Standard,,2870
Black Hawk (Nova) C,,50,"1,515",31,Sniper,TR:CI RS:CI,Standard,,2870
Black Hawk (Nova) D,,50,"1,450",29,Missile Boat,TR:CI RS:CI,Standard,,2870
Black Hawk (Nova) E,,50,"2,078",40,Skirmisher,TR:CI RS:CI,Standard,,3054
Black Hawk (Nova) F,,50,"1,976",36,Skirmisher,TR:CI RS:CI,Standard,,3068
Black Hawk (Nova) G,,50,"1,822",46,Skirmisher,RG14 RG14,Standard,,3092
Black Hawk (Nova) H,,50,"1,832",45,Skirmisher,TR:CI RS:CI,Standard,,3059
Black Hawk (Nova) I,,50,"2,224",42,Skirmisher,RG14 RG14,Standard,,3094
Black Hawk (Nova) J,,50,"2,295",33,Skirmisher,RG14 RG14,Standard,,3128
Black Hawk (Nova) K,,50,"1,932",36,Brawler,RG14 RG14,Standard,,3134
Black Hawk (Nova) L,,50,"2,177",30,Skirmisher,RG14 RG14,Standard,,3134
Black Hawk (Nova) Prime,,50,"2,663",41,Skirmisher,TR:CI RSFP:Wave 1,Standard,,2870
Black Hawk (Nova) R,,50,"1,597",36,Skirmisher,RG14 RG14,Standard,,3140
Black Hawk (Nova) S,,50,"2,056",43,Skirmisher,TR:CI RS:CI,Standard,,3050
Black Hawk (Nova) T,,50,"1,579",42,Skirmisher,RG14 RG14,Standard,,3142
Black Hawk (Nova) U,,50,"1,413",39,Striker,TR:3085 RS:3085u-ONN,Experimental,,3077
Black Hawk (Nova) X,,50,"2,761",40,Skirmisher,TR:3145 RS:3145,Advanced,,3137
Black Hawk (Standard),,50,"2,183",38,Skirmisher,TR:DA RS:DA,Standard,,3073
Black Hawk (Standard) 2,,50,"2,161",38,Skirmisher,TR:DA RS:DA,Standard,,3092
Black Hawk (Standard) 3,,50,"2,317",40,Skirmisher,TR:DA RS:DA,Standard,,3092
Black Hawk-KU BHKU-O,,60,"1,731",46,Skirmisher,TR:CI RS:CI,Standard,,3055
Black Hawk-KU BHKU-OA,,60,"1,770",35,Sniper,TR:CI RS:CI,Standard,,3055
Black Hawk-KU BHKU-OB,,60,"1,303",33,Skirmisher,TR:CI RS:CI,Standard,,3055
Black Hawk-KU BHKU-OC,,60,"1,597",34,Sniper,TR:CI RS:CI,Standard,,3055
Black Hawk-KU BHKU-OD,,60,"1,539",35,Missile Boat,TR:CI RS:CI,Standard,,3055
Black Hawk-KU BHKU-OE,,60,"1,982",41,Skirmisher,TR:CI RS:CI,Standard,,3063
Black Hawk-KU BHKU-OF,,60,"1,759",40,Sniper,TR:CI RS:3058Uu-I,Standard,,3069
Black Hawk-KU BHKU-OG,,60,"1,719",43,Skirmisher,TR:CI RS:3145,Standard,,3089
Black Hawk-KU BHKU-OR,,60,"2,193",46,Skirmisher,TR:CI RS:3058Uu-I,Experimental,,3059
Black Hawk-KU BHKU-OU,,60,"1,687",40,Skirmisher,TR:CI RS:3085u-ONN,Standard,,3077
Black Hawk-KU BHKU-OX,,60,"1,941",48,Skirmisher,TR:CI RS:3058Uu-I,Experimental,,3058
Black Knight BL-18-KNT,,75,"2,585",47,Brawler,RG12 RG12,Standard,,3130
Black Knight BL-6b-KNT,,75,"1,627",42,Brawler,TR:3050U RS:3050Uu-C,Standard,,2751
Black Knight BLK-NT-2Y,,75,"1,847",46,Juggernaut,TR:DA RS:DA,Advanced,,3091
Black Knight BLK-NT-3A,,75,"1,707",37,Brawler,TR:DA RS:DA,Advanced,,3095
Black Knight BLK-NT-3B,,75,"1,911",35,Brawler,TR:DA RS:DA,Advanced,,3100
Black Knight BLK-NT-4D,,75,"2,280",44,Juggernaut,TR:DA RS:DA,Advanced,,3127
Black Knight BLK-NT-5H,,75,"2,423",43,Juggernaut,TR:DA RS:DA,Advanced,,3138
Black Watch BKW-7R,,85,"1,998",50,Juggernaut,TR:3060 RS:3060u,Standard,,3061
Black Watch BKW-9R,,85,"2,144",48,Sniper,TR:3060 RS:3060u,Standard,,3070
Blackjack BJ-2,,45,"1,148",30,Sniper,TR:3050U RSFP:Wave 2,Standard,,3052
Blackjack BJ-2r,,45,"1,136",27,Brawler,TR:3145 RS:3145,Advanced,,3131
Blackjack BJ-3,,45,"1,271",30,Brawler,TR:SW RS:SW,Standard,,3042
Blackjack BJ-4,,45,"1,063",25,Brawler,TR:3050U RS:3050Uu-I,Standard,,3067
Blackjack BJ-5,,45,"1,165",27,Sniper,RG04 RG04,Standard,,3107
Blackjack BJ2-O,,50,"1,201",31,Brawler,TR:CI RS:CI,Standard,,3057
Blackjack BJ2-OA,,50,"1,318",32,Missile Boat,TR:CI RS:CI,Standard,,3057
Blackjack BJ2-OB,,50,"1,323",30,Sniper,TR:CI RS:CI,Standard,,3057
Blackjack BJ2-OC,,50,"1,189",27,Brawler,TR:CI RS:CI,Standard,,3057
Blackjack BJ2-OD,,50,"1,375",30,Brawler,TR:CI RS:CI,Standard,,3057
Blackjack BJ2-OE,,50,"1,260",28,Sniper,TR:CI RS:CI,Standard,,3059
Blackjack BJ2-OF,,50,"1,405",29,Sniper,TR:CI RS:CI,Standard,,3061
Blackjack BJ2-OG,,50,"1,448",26,Brawler,TR:3145 RS:3145,Advanced,,3134
Blackjack BJ2-OR,,50,"2,010",35,Brawler,TR:CI RS:3058Uu-I,Experimental,,3059
Blackjack BJ2-OU,,50,"1,223",29,Brawler,TR:CI RS:3085u-ONN,Experimental,,3077
Blackjack BJ2-OX,,50,"1,320",29,Brawler,TR:CI RS:3058Uu-I,Experimental,,3074
Blade BLD-XL,,35,"1,314",35,Striker,TR:DA RS:DA,Standard,,3087
Blade BLD-XS,,35,944,30,Striker,TR:DA RS:DA,Standard,,3087
Blade BLD-XX,,35,"1,064",31,Striker,TR:DA RS:DA,Standard,,3087
Blitzkrieg BTZ-3F,,50,"1,273",35,Striker,TR:J RS:J,Standard,,3061
Bloodhound B1-HND,,45,"1,248",42,Striker,TR:3067 RS:3067u,Standard,,3064
Bloodhound B2-HND,,45,"1,363",49,Striker,TR:3067 RS:3067u,Standard,,3067
Bloodhound B3-HND,,45,"1,005",43,Striker,TR:3067 RS:3067u,Advanced,,3081
Brahma BRM-5A,,60,"1,572",41,Skirmisher,TR:3085 RS:3085u-CE,Standard,,3080
Brigand LDT-1,,25,771,22,Striker,TR:3067 RS:3067u,Standard,,3065
Bushwacker BSW-S2,,55,"1,293",33,Sniper,TR:CI RS:CI,Standard,,3056
Bushwacker BSW-S2r,,55,"1,339",32,Skirmisher,TR:CI RS:3085u-ONN,Standard,,3075
Bushwacker BSW-X1,,55,"1,223",33,Skirmisher,TR:CI RSFP:Wave 2,Standard,,3053
Bushwacker BSW-X2,,55,"1,193",33,Skirmisher,TR:CI RSFP:Wave 2,Standard,,3054
Bushwacker BSW-X4,,55,"1,751",37,Sniper,RG02 RG02,Standard,,3125
Butcherbird (Ion Sparrow) A,,20,501,21,Scout,RG11 RG11,Advanced,,3147
Butcherbird (Ion Sparrow) B,,20,626,24,Scout,RG11 RG11,Advanced,,3147
Butcherbird (Ion Sparrow) C,,20,889,35,Scout,RG11 RG11,Advanced,,3147
Butcherbird (Ion Sparrow) D,,20,"1,121",30,Scout,RG11 RG11,Advanced,,3147
Butcherbird (Ion Sparrow) Prime,,20,885,30,Scout,RG11 RG11,Advanced,,3147
Cadaver CVR-A1,,30,962,31,Striker,TR:DA RS:DA,Standard,,3094
Caesar CES-3S,,70,"1,909",42,Brawler,TR:CI RS:CI,Standard,,3067
Caesar CES-5R,,70,"2,192",51,Brawler,RG26 RG26,Advanced,,3148
Calliope CAL-1MAF,,40,"1,125",25,Brawler,TR:DA RS:DA,Standard,,3127
Carronade CRN-7M,,70,"1,799",36,Sniper,TR:DA RS:DA,Standard,,3102
Cataphract CTF-3L,,70,"1,545",35,Sniper,TR:3050U RS:3050Uu-I,Standard,,3050
Cataphract CTF-3LL,,70,"1,664",34,Skirmisher,TR:3050U RS:3050Uu-I,Standard,,3068
Cataphract CTF-5L,,70,"2,090",40,Sniper,RG06 RG06,Advanced,,3132
Cataphract CTF-5LL,,70,"2,322",39,Sniper,RG06 RG06,Advanced,,3135
Catapult CPLT-C2,,65,"1,346",33,Missile Boat,TR:3050U RS:3050Uu-I,Standard,,3062
Catapult CPLT-C5,,65,"1,748",42,Missile Boat,TR:3050U RS:3050Uu-I,Advanced,,3061
Catapult CPLT-C5A,,65,"1,772",41,Missile Boat,TR:3085 RS:3085u-ONN,Standard,,3068
Catapult II CPLT-L7,,70,"2,574",42,Missile Boat,TR:3150 RS:3150,Advanced,,3135
Celerity CLR-03-O,,15,187,15,Scout,TR:3145 RS:3145,Advanced,,3138
Celerity CLR-03-OA,,15,275,16,Scout,TR:3145 RS:3145,Advanced,,3138
Celerity CLR-03-OB,,15,339,16,Scout,TR:3145 RS:3145,Advanced,,3138
Celerity CLR-03-OC,,15,202,16,Scout,TR:3145 RS:3145,Advanced,,3138
Celerity CLR-03-OD,,15,304,16,Scout,TR:3145 RS:3145,Advanced,,3138
Celerity CLR-03-OE,,15,919,27,Scout,TR:3145 RS:3145,Advanced,,3138
Centurion CN10-B,,55,"1,243",30,Brawler,Shrap02 ShrapRS,Standard,,3057
Centurion CN10-D,,55,"1,260",28,Sniper,RG10 RG10,Standard,,3121
Centurion CN10-J,,55,"1,257",28,Brawler,Shrap02 ShrapRS,Standard,,3057
Centurion CN11-O,,50,"1,236",28,Brawler,TR:DA RS:DA,Standard,,3111
Centurion CN11-OA,,50,"1,398",35,Brawler,TR:DA RS:DA,Standard,,3111
Centurion CN11-OB,,50,"1,430",34,Sniper,TR:DA RS:DA,Standard,,3111
Centurion CN11-OC,,50,"1,628",35,Skirmisher,TR:DA RS:DA,Standard,,3111
Centurion CN11-OD,,50,"1,177",30,Brawler,TR:DA RS:DA,Advanced,,3111
Centurion CN11-OE,,50,"1,515",37,Sniper,TR:DA RS:DA,Advanced,,3111
Centurion CN9-Ar,,50,"1,226",31,Sniper,TR:3085 RS:3085u-ONN,Standard,,3072
Centurion CN9-D3,,50,"1,324",29,Skirmisher,TR:3050U RS:3050Uu-I,Standard,,3052
Centurion CN9-D4D,,50,"1,369",31,Skirmisher,TR:3050U RS:3050Uu-I,Standard,,3066
Centurion CN9-Da,,50,"1,035",28,Skirmisher,TR:3050U RS:3085u-ONN,Standard,,3065
Cerberus MR-V2,,95,"2,001",45,Brawler,TR:CI RS:CI,Standard,,3054
Cerberus MR-V3,,95,"2,094",45,Brawler,TR:CI RS:3055Uu,Standard,,3062
Cestus CTS-6Y,,65,"1,701",37,Brawler,TR:3058U RS:3058Uu-C,Standard,,2766
Cestus CTS-6Z,,65,"1,560",36,Brawler,TR:3058U RS:3058Uu-C,Standard,,3058
Chameleon CLN-7V,,50,"1,042",24,Scout,TR:SW RS:SW,Introductory,,3056
Chameleon CLN-7W,,50,"1,243",29,Striker,TR:SW RS:3058Uu-I,Standard,,3058
Chameleon CLN-7Z,,50,"1,527",30,Striker,TR:SW RS:3058Uu-I,Standard,,3058
Chameleon CLN-8V,,50,"1,426",32,Striker,RGv1 RG25,Standard,,3086
Chameleon CLN-9V,,50,"1,276",31,Striker,RGv1 RG25,Standard,,3120
Chameleon TRC-4B,,50,999,21,Scout,RGv1 RG25,Introductory,,2510
Charger CGR-3Kr,,80,"2,092",41,Skirmisher,TR:3085 RS:3085u-ONN,Standard,,3078
Charger CGR-KMZ,,80,"1,781",39,Sniper,TR:3050U RS:3050Uu-I,Standard,,3071
Charger CGR-SA5,,80,"2,105",47,Juggernaut,TR:3050U RS:3050Uu-I,Standard,,3063
Chimera CMA-1S,,40,"1,173",26,Striker,TR:J RS:J,Standard,,3063
Chimera CMA-2K,,40,"1,528",37,Striker,TR:J RS:3067u,Standard,,3069
Chimera CMA-C,,40,"1,182",27,Striker,TR:J RS:J,Standard,,3063
Cicada CDA-3G,,40,"1,270",35,Striker,TR:3050U RS:3050Uu-I,Standard,,3056
Cicada CDA-3M,,40,812,25,Striker,TR:3050U RS:3050Uu-I,Standard,,3049
Cicada CDA-3MA,,40,"1,158",35,Striker,TR:3050U RS:3050Uu-I,Standard,,3068
Cicada CDA-4A,,40,"1,097",37,Striker,RG28 RG28,Advanced,,3150
Clint CLNT-3-4T,,40,"1,157",24,Striker,RG31 RG31,Advanced,,3109
Clint CLNT-5U,,40,"1,275",28,Striker,TR:3050U RS:3050Uu-I,Standard,,3062
Clint CLNT-6S,,40,"1,334",37,Striker,TR:3050U RS:3050Uu-I,Standard,,3069
Cobra CBR-03,,45,"1,324",34,Missile Boat,TR:J RS:3060u,Standard,,3075
Commando COM-2Dr,,25,563,18,Striker,TR:3085 RS:3085u-ONN,Standard,,3075
Commando COM-7S,,25,658,20,Striker,TR:3050U RS:3050Uu-I,Standard,,3064
"Commando COM-7T ""Blazing Inferno II""",,25,"1,018",26,Striker,Shrap16 ShrapRS,Standard,,3062
Commando COM-8S,,25,775,25,Striker,TR:3145 RS:3145,Advanced,,3108
Cossack C-1FC,,20,483,14,Scout,TR:3060 RS:3060u,Advanced,,3076
Cossack C-SK1,,20,465,17,Striker,TR:3060 RS:3060u,Standard,,3060
Cougar A,,35,"1,697",40,Missile Boat,TR:CI RSFP:Wave 2,Standard,,3058
Cougar B,,35,"1,774",33,Sniper,TR:CI RSFP:Wave 2,Standard,,3058
Cougar C,,35,"1,785",35,Brawler,TR:CI RS:CI,Standard,,3058
Cougar D,,35,"1,309",33,Sniper,TR:CI RS:CI,Standard,,3058
Cougar E,,35,"1,442",36,Brawler,RG19 RG19,Standard,,3063
Cougar F,,35,"1,401",32,Brawler,RG19 RG19,Standard,,3071
Cougar G,,35,"1,453",30,Sniper,RG19 RG19,Standard,,3071
Cougar H,,35,"1,323",33,Brawler,RG19 RG19,Standard,,3061
Cougar I,,35,"1,738",31,Striker,RG19 RS:3145,Standard,,3099
Cougar Prime,,35,"1,485",31,Sniper,TR:CI RSFP:Wave 2,Standard,,3058
Cougar T,,35,"1,748",37,Brawler,RG19 RG19,Standard,,3142
Coyotl A,,40,"1,753",42,Striker,TR:GC TR:GC,Standard,,2854
Coyotl B,,40,"1,447",41,Striker,TR:GC TR:GC,Standard,,2854
Coyotl C,,40,"1,851",40,Sniper,TR:GC TR:GC,Standard,,3145
Coyotl D,,40,"1,980",46,Striker,TR:GC TR:GC,Standard,,3149
Coyotl Prime,,40,"1,974",48,Striker,TR:GC TR:GC,Standard,,2854
Crab CRB-27b,,50,"1,308",33,Sniper,TR:3075 RS:3075u-AW,Standard,,2719
Crab CRB-54,,50,"1,964",39,Skirmisher,RG05 RG05,Advanced,,3144
Crimson Hawk,,25,"1,285",21,Sniper,TR:DA RS:DA,Standard,,3071
Crimson Hawk 2,,25,"1,271",20,Brawler,TR:DA RS:DA,Standard,,3073
Crimson Hawk 4,,25,"1,372",25,Striker,TR:3145 RS:3145,Standard,,3099
Cronus CNS-3M,,55,"1,339",32,Skirmisher,TR:3067 RS:3067u,Introductory,,3031
Cronus CNS-5M,,55,"1,579",38,Skirmisher,TR:3067 RS:3067u,Standard,,3060
Crossbow CRS-9A,,60,"1,583",40,Skirmisher,TR:J RS:J,Standard,,3071
Crusader CRD-2R,,65,"1,533",37,Missile Boat,TR:3075 RS:3075u-AW,Standard,,2649
Crusader CRD-3R,,65,"1,317",32,Missile Boat,TR:3039 RSFP:Wave 2,Introductory,,2752
Crusader CRD-4BR,,65,"1,407",37,Missile Boat,RGv1 RG17,Standard,,3054
Crusader CRD-5M,,65,"1,408",35,Skirmisher,RGv1 RSFP:Wave 2,Standard,,3049
Crusader CRD-6M,,65,"1,373",41,Skirmisher,TR:3085 RS:3085u-PP,Standard,,3074
Crusader CRD-6T,,65,"1,890",49,Skirmisher,RGv1 RG17,Standard,,3053
Crusader CRD-7D,,65,"1,681",44,Skirmisher,RGv1 RG17,Standard,,3141
Crusader CRD-8R,,65,"1,600",40,Missile Boat,RGv1 RSFP:KH,Standard,,3096
Crusader CRD-9BR,,65,"1,653",40,Skirmisher,RGv1 RG17,Advanced,,3125
Crusader CRD-9R,,65,"1,612",37,Missile Boat,RGv1 RG17,Advanced,,3130
Cyclops C,,90,"2,252",53,Brawler,RG21 RSFP:ELH,Advanced,,3147
Cyclops CP-11-B,,90,"2,145",50,Juggernaut,TR:3085 RS:3085u-ONN,Standard,,3071
Cyclops CP-11-C2,,90,"1,534",46,Brawler,TR:3085 RS:3085u-ONN,Standard,,3073
Cyclops CP-11-G,,90,"1,981",47,Sniper,TR:3050U RS:3050Uu-I,Standard,,3058
Cyclops CP-12-K,,90,"1,699",43,Brawler,TR:3050U RS:3050Uu-I,Standard,,3059
Dart DRT-3S,,25,436,15,Scout,TR:CI RS:CI,Standard,,3051
Dart DRT-4S,,25,656,23,Scout,TR:CI RS:CI,Introductory,,3053
Dart DRT-6S,,25,641,22,Scout,TR:CI RS:CI,Standard,,3053
Dart DRT-6T,,25,703,21,Scout,TR:CI RS:3085u-ONN,Standard,,3077
Dasher (Fire Moth) A,,20,639,20,Scout,TR:CI RSFP:Wave 2,Standard,,2874
Dasher (Fire Moth) B,,20,"1,064",24,Striker,TR:CI RSFP:Wave 2,Standard,,2874
Dasher (Fire Moth) C,,20,741,19,Missile Boat,TR:CI RS:CI,Standard,,2874
Dasher (Fire Moth) D,,20,"2,307",30,Striker,TR:CI RS:CI,Standard,,2874
Dasher (Fire Moth) E,,20,822,18,Scout,TR:CI RS:CI,Standard,,3059
Dasher (Fire Moth) F,,20,"1,461",31,Striker,TR:CI RS:CI,Standard,,3070
Dasher (Fire Moth) G,,20,"2,041",35,Striker,RG08 RG08,Standard,,3098
Dasher (Fire Moth) H,,20,779,25,Striker,TR:CI RS:CI,Standard,,3060
Dasher (Fire Moth) I,,20,"1,260",24,Sniper,RG08 RG08,Standard,,3139
Dasher (Fire Moth) J,,20,"1,140",23,Striker,RG08 RG08,Standard,,3145
Dasher (Fire Moth) K,,20,884,28,Striker,TR:CI RS:CI,Standard,,3071
Dasher (Fire Moth) M,,20,"1,200",30,Striker,RG08 RG08,Standard,,3110
Dasher (Fire Moth) P,,20,841,22,Striker,RG08 RG08,Standard,,3132
Dasher (Fire Moth) Prime,,20,"1,251",28,Striker,TR:CI RSFP:Wave 2,Standard,,2874
Dasher (Fire Moth) R,,20,"1,160",32,Scout,RG08 RG08,Standard,,3110
Dasher (Fire Moth) T,,20,"1,305",28,Striker,RG08 RG08,Standard,,3142
Dasher II,,40,522,22,Scout,TR:3085 RS:3085u-CE,Standard,,3077
Dasher II 2,,40,"2,239",44,Striker,TR:3085 RS:3085u-CE,Experimental,,3084
Dasher II 3,,40,"1,496",37,Striker,TR:3145 RS:3145,Standard,,3136
Defiance DFN-3S,,75,"1,940",38,Brawler,TR:3075 RS:3075u-CE,Standard,,3074
Defiance DFN-3T,,75,"1,981",39,Brawler,TR:3075 RS:3075u-CE,Standard,,3074
Dervish DV-6Mr,,55,"1,347",36,Brawler,TR:3085 RS:3085u-ONN,Standard,,3073
Dervish DV-8D,,55,"1,765",39,Missile Boat,TR:3050U RS:3050Uu-I,Standard,,3062
Dervish DV-9D,,55,"1,518",38,Missile Boat,TR:3050U RS:3050Uu-I,Standard,,3068
Devastator DVS-11,,100,"3,170",57,Juggernaut,RG28 RG28,Standard,,3146
Devastator DVS-2,,100,"2,481",54,Juggernaut,TR:SW RS:SW,Standard,,3048
Doloire DLR-O,,80,"2,561",49,Brawler,TR:DA RS:DA,Advanced,,3121
Doloire DLR-OA,,80,"2,218",43,Juggernaut,TR:DA RS:DA,Advanced,,3121
Doloire DLR-OB,,80,"2,836",48,Brawler,TR:DA RS:DA,Advanced,,3121
Doloire DLR-OC,,80,"2,242",59,Juggernaut,TR:DA RS:DA,Advanced,,3121
Doloire DLR-OD,,80,"3,071",51,Skirmisher,TR:DA RS:DA,Advanced,,3121
Dragon DRG-5Nr,,60,"1,252",36,Skirmisher,TR:3085 RS:3085u-ONN,Standard,,3076
Dragon Fire DGR-3F,,75,"1,855",43,Brawler,TR:CI RS:CI,Standard,,3058
Dragon Fire DGR-4F,,75,"1,900",43,Brawler,TR:CI RS:CI,Standard,,3060
Duan Gung D9-G9,,25,737,24,Missile Boat,TR:3060 RS:3060u,Standard,,3058
Eagle EGL-2M,,25,800,21,Brawler,TR:3060 RS:3060u,Standard,,3058
Eisenfaust EFT-7X,,45,"1,203",28,Brawler,TR:J RS:J,Standard,,3076
Emperor EMP-6A,,90,"1,969",42,Juggernaut,TR:SW RS:SW,Standard,,2612
Emperor EMP-6S,,90,"2,065",42,Juggernaut,TR:SW RS:SW,Standard,,3069
Emperor EMP-7L,,90,"2,179",47,Juggernaut,TR:SW RS:SW,Standard,,3069
Enfield END-6J,,50,"1,417",33,Skirmisher,TR:3058U RS:3058Uu-I,Standard,,3060
Enfield END-6Q,,50,"1,248",32,Skirmisher,TR:3058U RS:3058Uu-I,Standard,,3055
Enfield END-6S,,50,"1,413",35,Skirmisher,TR:3058U RS:3058Uu-I,Standard,,3070
Enfield END-6Sr,,50,"1,361",35,Skirmisher,TR:3085 RS:3085u-ONN,Standard,,3072
Enforcer ENF-5R,,50,"1,192",24,Brawler,RG18 RSFP:HRR,Advanced,,3142
Enforcer III ENF-6M,,50,"1,460",32,Sniper,TR:CI RS:CI,Standard,,3059
Enforcer III ENF-6Ma,,50,"1,275",30,Skirmisher,TR:CI RS:3085u-ONN,Standard,,3065
Enforcer III ENF-6R,,50,"1,694",34,Skirmisher,TR:3150 RS:3150,Standard,,3102
Enforcer III ENF-7D,,50,"1,495",27,Sniper,TR:DA RS:DA,Standard,,3104
Eris ERS-2H,,50,"1,674",35,Skirmisher,RG18 RG18,Standard,,3142
Eris ERS-2N,,50,"1,400",38,Skirmisher,RG18 RG18,Advanced,,3115
Exhumer EXR-2X,,55,"1,468",36,Sniper,TR:DA RS:DA,Standard,,3129
Exhumer EXR-3P,,55,"1,469",34,Skirmisher,TR:DA RS:DA,Standard,,3131
Eyleuka EYL-45A,,55,"1,387",43,Striker,TR:3075 RS:3075u-CE,Standard,,3069
Eyleuka EYL-45B,,55,"1,615",41,Striker,TR:3075 RS:3075u-CE,Standard,,3075
Fafnir FNR-5X,,100,"2,610",58,Sniper,TR:3085 RS:3085u-ONN,Experimental,,3078
Fafnir FNR-6U,,100,"2,234",45,Juggernaut,TR:J RS:3067u,Standard,,3081
Falcon Hawk FNHK-9K,,35,"1,030",27,Brawler,TR:CI RS:CI,Standard,,3057
Falcon Hawk FNHK-9K1A,,35,"1,040",27,Brawler,TR:CI RS:CI,Standard,,3057
Falconer FLC-8R,,75,"2,231",40,Skirmisher,TR:CI RS:CI,Standard,,3053
Falconer FLC-9R,,75,"1,979",40,Skirmisher,TR:CI RS:3085u-ONN,Standard,,3075
Fireball ALM-10D,,20,957,26,Striker,TR:CI RS:3085u-ONN,Standard,,3076
Fireball ALM-7D,,20,385,17,Scout,TR:CI RS:CI,Standard,,3053
Fireball ALM-8D,,20,574,20,Scout,TR:CI RS:CI,Standard,,3054
Fireball ALM-9D,,20,527,19,Scout,TR:CI RS:CI,Standard,,3054
Firebee FRB-1E (WAM-B),,35,514,15,Brawler,XTR:Primitives III XTR:Primitives III,Advanced,,2483
Firefly FFL-5A,,30,996,26,Striker,RG29 RG29,Advanced,,3144
Firestarter FS9-M2,,35,751,23,Scout,TR:3145 RS:3145,Standard,,3101
Firestarter FS9-M3,,35,866,30,Scout,TR:3145 RS:3145,Standard,,3104
Firestarter FS9-M4,,35,798,22,Scout,TR:3145 RS:3145,Standard,,3109
"Firestarter FS9-N ""Mirage II""",,35,"1,660",27,Striker,RG28 RG28,Advanced,,3143
Firestarter FS9-O,,45,"1,144",30,Striker,TR:CI RS:CI,Standard,,3057
Firestarter FS9-OA,,45,976,24,Striker,TR:CI RS:CI,Standard,,3057
Firestarter FS9-OB,,45,"1,070",33,Striker,TR:CI RS:CI,Standard,,3057
Firestarter FS9-OC,,45,"1,006",31,Missile Boat,TR:CI RS:CI,Standard,,3057
Firestarter FS9-OD,,45,"1,322",33,Sniper,TR:CI RS:CI,Standard,,3057
Firestarter FS9-OE,,45,998,27,Striker,TR:CI RS:CI,Standard,,3058
Firestarter FS9-OF,,45,"1,446",29,Sniper,TR:CI RS:CI,Standard,,3060
Firestarter FS9-OG,,45,"1,063",26,Striker,TR:CI RS:CI,Standard,,3063
Firestarter FS9-OH,,45,"1,119",34,Striker,TR:CI RS:3058Uu-I,Standard,,3069
Firestarter FS9-OR,,45,"1,713",34,Sniper,TR:CI RS:3058Uu-I,Experimental,,3059
Firestarter FS9-OU,,45,"1,120",34,Striker,TR:CI RS:3085u-ONN,Standard,,3077
Firestarter FS9-OX,,45,"1,190",33,Striker,TR:CI RS:3058Uu-I,Experimental,,3059
Firestarter FS9-S2,,35,842,24,Scout,TR:3050U RS:3050Uu-I,Standard,,3075
Firestarter FS9-S3,,35,908,23,Scout,TR:3050U RS:3050Uu-I,Standard,,3075
Flashman FLS-10E,,75,"3,349",49,Skirmisher,RG24 RG24,Advanced,,3144
Flea FLE-17,,20,510,23,Striker,TR:SW RS:SW,Standard,,3049
Flea FLE-19,,20,381,15,Striker,TR:3050U RS:3050Uu-I,Standard,,3068
Flea FLE-21,,20,823,29,Scout,RG26 RG26,Standard,,3139
Fujin RJN-301-F,,50,"1,770",32,Striker,RG23 RG23,Advanced,,3139
Galahad GLH-2D,,60,"1,648",35,Sniper,TR:J RS:J,Standard,,2594
Gallant GLT-10-0,,70,"1,555",39,Skirmisher,TR:3145 RS:3145,Advanced,,3130
Gallant GLT-7-0,,70,"1,436",37,Skirmisher,TR:DA RS:DA,Standard,,3078
Gallant GLT-8-0,,70,"1,666",41,Missile Boat,TR:DA RS:DA,Advanced,,3078
Gallowglas GAL-1GLS,,70,"1,695",36,Brawler,TR:CI RS:CI,Standard,,3055
Gallowglas GAL-2GLS,,70,"1,857",37,Brawler,TR:CI RS:CI,Standard,,3055
Gallowglas GAL-2GLSA,,70,"1,771",37,Brawler,TR:CI RS:3085u-ONN,Standard,,3069
Gallowglas GAL-3GLS,,70,"2,291",37,Brawler,TR:CI RS:CI,Standard,,3064
Gallowglas GAL-4GLS,,70,"1,944",36,Brawler,TR:CI RS:CI,Standard,,3064
Gambit GBT-1G,,25,777,27,Striker,TR:3145 RS:3145,Standard,,3136
Gambit GBT-1L,,25,796,26,Striker,TR:3145 RS:3145,Standard,,3136
Garm GRM-01A,,35,701,17,Missile Boat,TR:3060 RS:3060u,Standard,,3058
Garm GRM-01B,,35,934,23,Missile Boat,TR:3060 RS:3060u,Standard,,3059
Garm GRM-01C,,35,"1,140",21,Brawler,TR:3060 RS:3060u,Standard,,3062
Ghost GST-10,,50,"1,353",47,Sniper,TR:J RS:J,Standard,,3077
Ghost GST-11,,50,"1,244",39,Sniper,TR:J RS:J,Standard,,3082
Ghost GST-50,,50,"1,114",29,Striker,TR:3145 RS:3145,Standard,,3087
Ghost GST-90,,50,"1,012",24,Striker,TR:3145 RS:3145,Standard,,3133
Gladiator (Executioner) A,,95,"3,112",57,Skirmisher,TR:CI RSFP:Wave 1,Standard,,3001
Gladiator (Executioner) B,,95,"2,940",54,Skirmisher,TR:CI RSFP:Wave 1,Standard,,3001
Gladiator (Executioner) C,,95,"2,740",54,Missile Boat,TR:CI RS:CI,Standard,,3001
Gladiator (Executioner) D,,95,"2,698",62,Skirmisher,TR:CI RS:CI,Standard,,3001
Gladiator (Executioner) E,,95,"2,988",58,Skirmisher,TR:CI RS:CI,Standard,,3060
Gladiator (Executioner) F,,95,"3,606",57,Sniper,RG09 RG09,Standard,,3089
Gladiator (Executioner) G,,95,"3,825",66,Skirmisher,RG09 RG09,Standard,,3100
Gladiator (Executioner) H,,95,"3,059",53,Skirmisher,TR:CI RS:CI,Standard,,3059
Gladiator (Executioner) I,,95,"3,339",58,Skirmisher,RG09 RG09,Standard,,3101
Gladiator (Executioner) J,,95,"2,891",55,Juggernaut,RG09 RG09,Standard,,3104
Gladiator (Executioner) K,,95,"3,125",59,Skirmisher,TR:CI RS:CI,Standard,,3068
Gladiator (Executioner) L,,95,"3,132",56,Sniper,RG09 RG09,Standard,,3119
Gladiator (Executioner) P,,95,"3,052",58,Skirmisher,TR:CI RS:CI,Standard,,3069
Gladiator (Executioner) Prime,,95,"2,749",51,Sniper,TR:CI RSFP:Wave 1,Standard,,3001
Gladiator (Executioner) T,,95,"2,558",49,Sniper,RG09 RG09,Standard,,3142
Gladiator (Executioner) TC,,95,"3,363",63,Skirmisher,BoT BoT,Standard,,3052
Gladiator GLD-1R,,55,"1,027",27,Brawler,XTR:Primitives II XTR:Primitives II,Advanced,,2468
Gladiator GLD-5R,,55,"1,425",37,Skirmisher,TR:SW RS:3075u-AW,Standard,,3075
Gladiator GLD-7R,,55,"1,890",40,Skirmisher,Shrap15 ShrapRS,Advanced,,3117
Gladiator GLD-7R/SF,,55,"1,748",43,Skirmisher,Shrap15 ShrapRS,Advanced,,3135
Goliath GOL-3M2,,80,"1,631",38,Sniper,RGv1 RG22,Standard,,3052
Goliath GOL-3S,,80,"1,792",37,Missile Boat,TR:J RS:J,Standard,,3066
Goliath GOL-4S,,80,"1,912",41,Brawler,TR:J RS:J,Standard,,3067
Goliath GOL-6M,,80,"1,742",43,Sniper,TR:3085 RS:3085u-PP,Experimental,,3083
Goliath GOL-7C,,80,"1,790",42,Juggernaut,RGv1 RG22,Standard,,3133
Goliath GOL-7R,,80,"1,888",40,Sniper,RGv1 RG22,Standard,,3133
Goshawk II,,45,"1,849",40,Striker,TR:DA RS:DA,Standard,,3086
Grand Dragon DRG-5K,,60,"1,358",33,Skirmisher,TR:3050U RSFP:Wave 2,Standard,,3050
Grand Dragon DRG-7K,,60,"1,702",47,Skirmisher,TR:3050U RS:3050Uu-I,Standard,,3063
Grand Titan T-IT-N10M,,100,"1,817",48,Brawler,TR:J RS:J,Standard,,3054
Grand Titan T-IT-N11M,,100,"2,053",53,Brawler,TR:J RS:J,Standard,,3058
Grand Titan T-IT-N13M,,100,"2,553",50,Sniper,TR:3145 RS:3145,Advanced,,3091
Grasshopper GHR-5J,,70,"1,354",36,Skirmisher,TR:3050U RSFP:Wave 2,Standard,,3049
Grasshopper GHR-6K,,70,"1,597",44,Skirmisher,TR:3050U RS:3050Uu-I,Standard,,3064
Grasshopper GHR-7P,,70,"1,806",40,Skirmisher,TR:Proto RS:Proto,Advanced,,3081
Grasshopper GHR-8K,,70,"1,754",39,Skirmisher,RG01 RSFP:NWH,Standard,,3091
Gravedigger GDR-1C,,50,"1,342",31,Brawler,TR:DA RS:DA,Standard,,3102
Gravedigger GDR-1D,,50,"1,707",36,Sniper,TR:DA RS:DA,Standard,,3105
Griffin C,,55,"2,131",45,Sniper,RGv1 RSFP:KH,Standard,,3144
Griffin GRF-1DS,,55,"1,285",32,Missile Boat,RGv1 RSFP:Wave 1,Standard,,3049
Griffin GRF-1N,,55,"1,272",31,Sniper,TR:SW RSFP:Wave 1,Introductory,,2492
Griffin GRF-2N,,55,"1,606",38,Skirmisher,RGv1 RG01,Standard,,2751
Griffin GRF-3M,,55,"1,521",33,Sniper,RGv1 RSFP:Wave 1,Standard,,3049
Griffin GRF-3N,,55,"1,560",34,Sniper,RGv1 RG01,Standard,,3093
Griffin GRF-3RG,,55,"1,213",33,Skirmisher,RGv1 RG01,Standard,,3048
Griffin GRF-4R,,55,"1,412",39,Striker,TR:3085 RS:3085u-PP,Standard,,3076
Griffin GRF-5M,,55,"1,224",29,Missile Boat,TR:J RS:J,Standard,,3066
Griffin GRF-6R,,55,"1,515",40,Sniper,RGv1 RG01,Standard,,3085
Griffin GRF-6S,,55,"1,781",37,Sniper,TR:J RS:J,Standard,,3066
Griffin IIC,,40,"1,608",31,Missile Boat,RGv1 RG14,Standard,,2852
Griffin IIC 2,,40,"1,516",30,Striker,RGv1 RG14,Standard,,2973
Guillotine GLT-3N,,70,"1,418",35,Skirmisher,TR:SW RSFP:Wave 2,Standard,,2499
Guillotine GLT-4L,,70,"1,400",35,Skirmisher,TR:SW RSFP:Wave 2,Introductory,,2825
Guillotine GLT-5M,,70,"1,472",36,Skirmisher,TR:3050U RS:3050Uu-C,Standard,,3049
Guillotine GLT-6WB3,,70,"1,741",44,Brawler,TR:3050U RS:3050Uu-C,Standard,,3080
Guillotine GLT-7M,,70,"1,877",37,Brawler,RG23 RG23,Standard,,3099
Gunslinger GUN-1ERD,,85,"2,286",48,Juggernaut,TR:CI RSFP:NWH,Standard,,3053
Gunslinger GUN-2ERD,,85,"2,423",53,Juggernaut,TR:CI RS:CI,Standard,,3062
Gunslinger GUN-3ERD,,85,"2,844",49,Juggernaut,RG27 RSFP:NWH,Advanced,,3131
Götterdämmerung GTD-20C,,75,"2,285",49,Brawler,TR:3150 RS:3150,Advanced,,3144
Götterdämmerung GTD-20S,,75,"1,727",43,Brawler,TR:3150 RS:3150,Advanced,,3138
Götterdämmerung GTD-30S,,75,"1,574",42,Brawler,TR:3150 RS:3150,Standard,,3139
Ha Otoko,,65,"1,873",40,Missile Boat,TR:J RS:J,Standard,,3060
Ha Otoko 3,,65,"2,206",49,Missile Boat,TR:3085 RS:3085u-ONN,Standard,,3082
"Hammer HMR-3C ""Claw-Hammer""",,30,976,30,Striker,TR:3055U RS:3055Uu,Standard,,3056
Hammer HMR-3M,,30,787,26,Striker,TR:3055U RS:3055Uu,Standard,,3053
"Hammer HMR-3P ""Pein-Hammer""",,30,827,26,Brawler,TR:3055U RS:3055Uu,Standard,,3060
"Hammer HMR-3S ""Slammer""",,30,638,22,Striker,TR:3055U RS:3055Uu,Standard,,3054
Hammerhands HMH-5D,,75,"1,496",37,Skirmisher,TR:SW RS:3075u-AW,Standard,,3071
Hammerhands HMH-6E,,75,"2,204",47,Skirmisher,TR:3085 RS:3085u-ONN,Standard,,3077
Hatchetman HCT-5D,,45,"1,012",25,Brawler,TR:3050U RS:3050Uu-I,Standard,,3062
Hatchetman HCT-5DD,,45,"1,112",27,Skirmisher,TR:3050U RS:3050Uu-I,Standard,,3065
Hatchetman HCT-6D,,45,"1,611",32,Skirmisher,TR:3050U RSFP:HRR,Standard,,3062
Hatchetman HCT-6M,,45,"1,274",31,Brawler,TR:3085 RS:3085u-CE,Standard,,3084
Hatchetman HCT-6S,,45,"1,174",26,Brawler,TR:3050U RS:3050Uu-I,Standard,,3064
Hatchetman HCT-7D,,45,"1,296",34,Skirmisher,TR:3150 RS:3150,Advanced,,3092
Hatchetman HCT-7R,,45,"1,521",34,Brawler,XTR:RotS 1 XTR:RotS 1,Advanced,,3114
Hatchetman HCT-7S,,45,"1,243",30,Skirmisher,TR:3085 RS:3085u-CE,Standard,,3084
Havoc HVC-P6,,35,"1,255",36,Striker,TR:DA RS:DA,Advanced,,3112
HawkWolf HWK-3F,,80,"1,349",36,Missile Boat,XTR:RetroTech XTR:RetroTech,Experimental,,3076
HawkWolf HWK-4F,,80,"1,428",37,Missile Boat,TR:3150 RS:3150,Standard,,3100
Hel HL-1,,50,"1,674",35,Skirmisher,Shrap10 RG18,Standard,,3092
Hel HL-2,,50,"1,549",33,Skirmisher,Shrap10 ShrapRS,Standard,,3092
Helepolis HEP-4H,,75,"1,366",45,Missile Boat,TR:3075 RS:3075u-AW,Advanced,,3074
Helios HEL-3D,,60,"1,618",34,Skirmisher,TR:J RS:J,Standard,,3058
Helios HEL-4A,,60,"1,519",35,Skirmisher,TR:J RS:J,Standard,,3060
Helios HEL-C,,60,"1,533",35,Skirmisher,TR:J RS:J,Standard,,3060
Hellhound II (Hellcat),,50,"1,801",36,Skirmisher,RG30 RG30,Advanced,,3133
Hellion A,,30,"1,543",39,Missile Boat,TR:CI RSFP:Wave 2,Standard,,3059
Hellion B,,30,"1,569",38,Striker,TR:CI RSFP:Wave 2,Standard,,3059
Hellion C,,30,"2,095",43,Striker,TR:CI RS:CI,Standard,,3061
Hellion D,,30,"1,761",39,Striker,RG20 RG20,Standard,,3068
Hellion E,,30,"1,292",36,Striker,RG20 RG20,Standard,,3070
Hellion F,,30,"1,594",40,Striker,RG20 RG20,Standard,,3077
Hellion G,,30,"1,614",43,Striker,RS:3145 RS:3145,Advanced,,3119
Hellion P,,30,"1,685",46,Striker,RG20 RG20,Standard,,3124
Hellion Prime,,30,"1,873",43,Striker,TR:CI RSFP:Wave 2,Standard,,3059
Hellion T,,30,"1,637",42,Striker,RG20 RG20,Standard,,3142
Hellspawn HSN-7D,,45,"1,220",31,Missile Boat,TR:J RS:J,Standard,,3062
Hellstar,,95,"3,084",55,Sniper,TR:J RS:J,Standard,,3079
Hercules HRC-LS-9000,,70,"1,561",38,Skirmisher,TR:CI RS:CI,Standard,,3054
Hercules HRC-LS-9001,,70,"1,566",41,Skirmisher,TR:CI RS:CI,Standard,,3056
Hermes HER-4K,,30,"1,470",36,Striker,TR:3050U RS:3050Uu-C,Standard,,3058
"Hermes II HER-2K ""Hermes III""",,40,,,None,TR:SW None,Standard,,2799
Hermes II HER-5S,,40,857,25,Striker,TR:3050U RS:3050Uu-I,Standard,,3050
Hermes II HER-5SA,,40,924,24,Striker,TR:3050U RS:3050Uu-I,Standard,,3068
Hermes II HER-5Sr,,40,"1,242",31,Sniper,TR:3085 RS:3085u-ONN,Standard,,3074
Hermit Crab HMC-13,,25,731,22,Scout,RG10 RG10,Standard,,3104
Hermit Crab HMC-14,,25,844,27,Striker,RG10 RG10,Standard,,3108
Hermit Crab HMC-15,,25,742,22,Striker,RG10 RG10,Standard,,3108
Hierofalcon A,,45,"1,963",43,Striker,RG03 RG03,Advanced,,3148
Hierofalcon B,,45,"1,737",47,Striker,RG03 RG03,Advanced,,3148
Hierofalcon C,,45,"1,983",40,Sniper,RG03 RG03,Advanced,,3148
Hierofalcon D,,45,"2,183",50,Striker,RG03 RG03,Advanced,,3148
Hierofalcon Prime,,45,"1,878",46,Striker,RG03 RG03,Advanced,,3148
Highlander HGN-732,,90,"2,227",47,Sniper,TR:SW RSFP:Wave 2,Standard,,2592
Highlander HGN-732b,,90,"2,335",53,Sniper,TR:3075 RS:3075u-AW,Standard,,2598
Highlander HGN-733,,90,"1,801",44,Juggernaut,TR:SW RSFP:Wave 2,Introductory,,2866
Highlander HGN-734,,90,"2,214",43,Juggernaut,TR:3050U RS:3050Uu-C,Standard,,3062
Highlander HGN-738,,90,"2,413",48,Juggernaut,TR:3050U RS:3050Uu-C,Standard,,3069
Highlander HGN-740,,90,"2,232",49,Sniper,RG10 RSFP:NWH,Standard,,3115
Hitman HM-1,,30,925,32,Striker,TR:J RS:J,Standard,,3055
Hitman HM-1r,,30,938,32,Striker,TR:3085 RS:3085u-ONN,Standard,,3069
Hollander BZK-G2,,35,895,20,Sniper,TR:3150 RS:3150,Standard,,3121
Hollander II BZK-F5,,45,"1,214",31,Sniper,TR:CI RS:3055Uu,Standard,,3058
Hollander II BZK-F7,,45,"1,192",23,Sniper,TR:CI RS:3055Uu,Standard,,3061
Hollander III BZK-D1,,35,"1,116",22,Sniper,TR:3150 RS:3150,Advanced,,3114
Hollander III BZK-D2,,35,"1,270",22,Sniper,TR:3150 RS:3150,Advanced,,3115
Hollander III BZK-D3,,35,"1,575",37,Striker,TR:3150 RS:3150,Advanced,,3118
Hoplite HOP-5C,,55,"1,520",32,Brawler,RG30 RG30,Advanced,,3138
Hound HD-2F,,70,"1,389",36,Sniper,TR:DA RS:DA,Standard,,3098
Hunchback C,,50,"1,893",42,Skirmisher,RG21 RG21,Standard,,3065
Hunchback HBK-5N,,50,"1,041",28,Juggernaut,TR:3050U RS:3050Uu-I,Standard,,3057
Hunchback HBK-5P,,50,"1,340",39,Juggernaut,TR:3050U RS:3050Uu-I,Standard,,3069
Hunchback HBK-5S,,50,"1,350",28,Juggernaut,TR:3050U RS:3050Uu-I,Standard,,3061
Hunchback HBK-6N,,50,"1,130",28,Juggernaut,TR:3050U RS:3050Uu-I,Standard,,3059
Hunchback HBK-6P,,50,"1,374",32,Juggernaut,TR:3150 RS:3150,Advanced,,3133
Hunchback HBK-6S,,50,"1,380",33,Striker,TR:3050U RS:3050Uu-I,Standard,,3063
Hunchback HBK-7R,,50,"1,248",33,Brawler,TR:Proto RS:Proto,Advanced,,3085
Huron Warrior HUR-WO-R4L,,50,"1,530",31,Skirmisher,TR:CI RS:CI,Standard,,3055
Huron Warrior HUR-WO-R4O,,50,"1,585",32,Skirmisher,TR:CI RS:CI,Standard,,3065
Hybrid Rifleman RFL-3N (Sneede II),,60,"2,198",44,Sniper,None RSFP:SI,Experimental,,3147
Icarus II ICR-2R,,40,"2,775",27,Striker,TR:3150 RS:3150,Advanced,,3124
Icarus II ICR-2S,,40,986,24,Brawler,TR:SW RS:3075u-AW,Standard,,3073
Jackal JA-KL-1532,,30,918,23,Striker,TR:3055U RS:3055Uu,Standard,,3052
Jackal JA-KL-55,,30,"1,034",27,Striker,TR:3055U RS:3055Uu,Standard,,3066
Jackalope JLP-BD,,30,"1,395",37,Striker,TR:DA RS:DA,Standard,,3134
Jackalope JLP-C,,30,"1,253",35,Striker,TR:DA RS:DA,Standard,,3135
Jackalope JLP-KA,,30,"1,488",45,Striker,TR:DA RS:DA,Advanced,,3135
Jade Hawk JHK-03,,75,"2,160",47,Skirmisher,TR:DA RS:DA,Advanced,,3135
Jade Hawk JHK-04,,75,"2,102",50,Sniper,TR:DA RS:DA,Standard,,3135
Jade Phoenix A,,85,"2,739",58,Skirmisher,RG22 RG22,Advanced,,3148
Jade Phoenix B,,85,"2,998",54,Skirmisher,RG22 RG22,Advanced,,3148
Jade Phoenix C,,85,"2,854",57,Skirmisher,RG22 RG22,Advanced,,3148
Jade Phoenix D,,85,"2,986",52,Sniper,RG22 RG22,Advanced,,3148
Jade Phoenix E,,85,"2,734",49,Sniper,RG22 RG22,Advanced,,3148
Jade Phoenix Prime,,85,"3,277",53,Sniper,RG22 RG22,Advanced,,3148
JagerMech III JM6-D3,,65,"1,537",39,Sniper,TR:3060 RS:3060u,Standard,,3058
JagerMech JM6-DDa,,65,911,26,Sniper,TR:3050U RS:3085u-ONN,Standard,,3070
JagerMech JM7-D,,70,"1,500",38,Sniper,TR:3050U RS:3050Uu-I,Standard,,3057
Javelin JVN-11D,,30,"1,104",26,Striker,TR:3050U RS:3050Uu-I,Standard,,3062
Javelin JVN-12N,,30,795,26,Scout,RG31 RG31,Standard,,3121
Jenner IIC,,35,"1,047",29,Striker,RGv1 RG18,Standard,,3042
Jenner IIC 2,,35,"1,406",26,Striker,RGv1 RG18,Standard,,3044
Jenner IIC 3,,35,788,25,Striker,RGv1 RG18,Standard,,3048
Jenner IIC 5,,35,"1,440",38,Striker,RGv1 RG18,Standard,,3140
Jenner JR7-C3,,35,"1,069",31,Striker,TR:3050U RS:3050Uu-I,Standard,,3068
Jupiter,,100,"2,784",57,Sniper,TR:DA RS:DA,Standard,,3068
Jupiter 2,,100,"3,278",58,Sniper,TR:DA RS:DA,Standard,,3070
Jupiter 3,,100,"3,074",58,Sniper,TR:DA RS:DA,Standard,,3075
Katana (Crockett) CRK-5006-1,,85,"2,363",48,Skirmisher,RG23 RG23,Standard,,3108
Kheper KHP-7R,,55,"1,568",36,Brawler,TR:DA RS:DA,Standard,,3135
King Crab KGC-000b,,100,"2,039",54,Juggernaut,TR:3075 RS:3075u-AW,Standard,,2743
King Crab KGC-001,,100,"2,221",48,Juggernaut,TR:3050U RS:3050Uu-C,Standard,,3052
King Crab KGC-005r,,100,"2,335",53,Juggernaut,TR:3085 RS:3085u-ONN,Standard,,3071
King Crab KGC-007,,100,"2,523",52,Juggernaut,TR:3050U RS:3050Uu-C,Standard,,3071
King Crab KGC-011,,100,"2,406",46,Juggernaut,RG05 RG05,Advanced,,3143
Komodo KIM-2,,45,"1,533",38,Striker,TR:J RS:J,Standard,,3053
Kontio,,40,"1,912",52,Striker,RG21 RG21,Standard,,3145
Koschei KSC-4I,,65,"1,516",39,Skirmisher,TR:3075 RS:3075u-AW,Standard,,2719
Koschei KSC-4L,,65,"1,503",41,Missile Boat,TR:3075 RS:3075u-AW,Standard,,2723
Koschei KSC-5I,,65,"1,961",41,Skirmisher,TR:3075 RS:3075u-AW,Standard,,3071
Koschei KSC-5MC,,65,"1,764",42,Skirmisher,TR:3075 RS:3075u-AW,Standard,,3068
Koschei KSC-5X,,65,"1,554",38,Skirmisher,TR:3075 RS:3075u-AW,Experimental,,3075
Koshi (Mist Lynx) A,,25,608,18,Scout,TR:CI RSFP:Wave 1,Standard,,2926
Koshi (Mist Lynx) B,,25,"1,209",35,Striker,TR:CI RSFP:Wave 1,Standard,,2926
Koshi (Mist Lynx) C,,25,"1,320",29,Striker,TR:CI RS:CI,Standard,,2926
Koshi (Mist Lynx) D,,25,842,25,Striker,TR:CI RS:CI,Standard,,2926
Koshi (Mist Lynx) E,,25,997,32,Striker,TR:CI RS:CI,Standard,,3059
Koshi (Mist Lynx) F,,25,"1,173",31,Scout,TR:CI RS:CI,Standard,,3063
Koshi (Mist Lynx) G,,25,834,28,Striker,TR:CI RS:CI,Standard,,3068
Koshi (Mist Lynx) H,,25,982,32,Striker,TR:CI RS:CI,Standard,,3059
Koshi (Mist Lynx) I,,25,689,21,Striker,RG07 RG07,Standard,,3086
Koshi (Mist Lynx) J,,25,"1,704",32,Sniper,RG07 RG07,Standard,,3107
Koshi (Mist Lynx) K,,25,976,25,Scout,RG07 RG07,Standard,,3112
Koshi (Mist Lynx) L,,25,901,32,Scout,RG07 RG07,Standard,,3124
Koshi (Mist Lynx) M,,25,961,19,Striker,RG07 RG07,Standard,,3140
Koshi (Mist Lynx) N,,25,976,24,Missile Boat,RG07 RG07,Standard,,3139
Koshi (Mist Lynx) P,,25,"1,064",23,Scout,TR:CI RS:CI,Standard,,3061
Koshi (Mist Lynx) Prime,,25,871,27,Scout,TR:CI RSFP:Wave 1,Standard,,2926
Koshi (Mist Lynx) T,,25,971,34,Striker,RG07 RG07,Standard,,3142
Koshi (Standard),,25,760,30,Striker,TR:DA RS:DA,Standard,,3091
Koshi (Standard) 2,,25,948,27,Striker,TR:DA RS:DA,Standard,,3095
Koshi (Standard) 3,,25,777,26,Scout,TR:DA RS:DA,Standard,,3095
Kraken (Bane) 7,,100,"3,740",56,Sniper,RGv1 RG17,Standard,,3122
Lament LMT-2D,,65,"2,044",43,Brawler,XTR:RotS 3 XTR:RotS 3,Advanced,,3147
Lament LMT-2R,,65,"1,999",43,Brawler,TR:DA RS:DA,Advanced,,3126
Lament LMT-3C,,65,"1,874",43,Brawler,TR:DA RS:DA,Advanced,,3135
Lament LMT-3R,,65,"1,888",40,Brawler,TR:DA RS:DA,Advanced,,3135
Lament LMT-4RC,,65,"2,474",43,Brawler,TR:DA RS:DA,Advanced,,3137
Legionnaire LGN-2D,,50,"1,386",39,Striker,TR:J RS:J,Standard,,3073
Lich UABM-2R,,90,"1,719",46,Sniper,XTR:RotS 3 XTR:RotS 3,Advanced,,3140
Lineholder KW1-LH2,,55,"1,280",34,Skirmisher,TR:3058U RS:3058Uu-I,Introductory,,3058
Lineholder KW1-LH3,,55,"1,214",32,Skirmisher,TR:3058U RS:3058Uu-I,Standard,,3059
"Lineholder KW1-LH8 ""Linebreaker""",,55,"1,330",30,Sniper,TR:3058U RS:3058Uu-I,Standard,,3065
Lineholder KW2-LH10,,55,"1,606",40,Brawler,TR:3150 RS:3150,Advanced,,3131
Locust C,,20,672,23,Striker,RGv1 RG16,Standard,,2832
Locust IIC 3,,25,980,28,Striker,RGv1 RG16,Standard,,2853
Locust LCT-1V,,20,432,18,Scout,TR:SW RSFP:Wave 1,Introductory,,2499
Locust LCT-1V2,,20,568,19,Scout,TR:CI RS:CI,Standard,,3065
Locust LCT-1Vb,,20,642,23,Striker,RGv1 RG16,Standard,,2610
Locust LCT-3M,,20,522,20,Scout,RGv1 RG16,Standard,,3050
Locust LCT-3V,,20,490,19,Scout,TR:SW RS:SW,Introductory,,3004
Locust LCT-5M,,20,719,26,Striker,TR:CI RS:CI,Standard,,3066
Locust LCT-5S,,20,509,21,Striker,RGv1 RG16,Standard,,3073
Locust LCT-5V,,20,665,24,Striker,TR:CI RS:3085u-PP,Standard,,3068
Locust LCT-5W2,,20,787,24,Scout,TR:3085 RS:3085u-PP,Standard,,3079
Locust LCT-6M,,20,956,31,Striker,BattleCorps RS:3085u-PP,Standard,,3071
Locust LCT-7V,,20,585,25,Scout,RGv1 RG16,Standard,,3102
Locust LCT-7V2,,20,634,25,Sniper,RGv1 RG16,Standard,,3112
Loki (Hellbringer) A,,65,"1,948",43,Striker,TR:CI RSFP:Wave 1,Standard,,2926
Loki (Hellbringer) B,,65,"1,592",35,Striker,TR:CI RSFP:Wave 1,Standard,,2926
Loki (Hellbringer) C,,65,"2,076",40,Striker,TR:CI RS:CI,Standard,,3054
Loki (Hellbringer) D,,65,"2,140",30,Striker,TR:CI RS:CI,Standard,,3069
Loki (Hellbringer) E,,65,"2,304",36,Sniper,TR:CI RS:CI,Standard,,3069
Loki (Hellbringer) F,,65,"1,839",39,Striker,RG01 RG01,Standard,,3054
Loki (Hellbringer) G,,65,"1,943",43,Skirmisher,RG01 RG01,Standard,,3112
Loki (Hellbringer) H,,65,"1,952",40,Sniper,TR:CI RS:CI,Standard,,3059
Loki (Hellbringer) J,,65,"2,415",42,Scout,RG01 RG01,Standard,,3058
Loki (Hellbringer) M,,65,"2,200",42,Sniper,BoT BoT,Standard,,3052
Loki (Hellbringer) Prime,,65,"2,654",45,Striker,TR:CI RSFP:Wave 1,Standard,,2926
Loki (Hellbringer) T,,65,"2,444",44,Sniper,RG01 RG01,Standard,,3142
Loki Mk II (Hel) A,,65,"2,249",44,Brawler,TR:DA RS:DA,Standard,,3121
Loki Mk II (Hel) B,,65,"1,798",44,Brawler,TR:DA RS:DA,Advanced,,3121
Loki Mk II (Hel) C,,65,"2,214",49,Missile Boat,RG33 RG33,Standard,,3130
Loki Mk II (Hel) D,,65,"2,370",40,Skirmisher,RG33 RG33,Standard,,3132
Loki Mk II (Hel) E,,65,"2,443",43,Brawler,RG33 RG33,Standard,,3136
Loki Mk II (Hel) F,,65,"2,512",41,Sniper,RG33 RG33,Standard,,3147
Loki Mk II (Hel) Prime,,65,"2,189",42,Sniper,TR:DA RS:DA,Standard,,3121
Loki Mk II (Hel) T,,65,"2,077",54,Brawler,RG33 RG33,Standard,,3142
Longbow LGB-0W,,85,"1,337",36,Missile Boat,TR:3039 RSFP:Wave 2,Introductory,,2529
Longbow LGB-0W2,,85,"1,410",38,Missile Boat,RGv1 RG20,Introductory,,2531
Longbow LGB-10C,,85,"1,898",48,Missile Boat,RGv1 RG20,Standard,,3061
Longbow LGB-12C,,85,"1,686",50,Missile Boat,TR:PP RS:3085u-PP,Standard,,3061
Longbow LGB-12R,,85,"1,979",39,Missile Boat,TR:3085 RS:3085u-PP,Standard,,3082
Longbow LGB-13C,,85,"1,397",49,Missile Boat,BattleCorps RS:3085u-PP,Standard,,3070
Longbow LGB-14C,,85,"1,421",40,Missile Boat,BattleCorps RS:3085u-PP,Standard,,3070
Longbow LGB-14C2,,85,"1,291",45,Missile Boat,TR:3145 RS:3145,Advanced,,3088
Longbow LGB-14Q,,85,"1,828",46,Missile Boat,RGv1 RG20,Standard,,3103
Longbow LGB-14V,,85,"1,763",42,Brawler,RGv1 RG20,Standard,,3105
Longbow LGB-7Q,,85,"1,618",45,Missile Boat,TR:3058U RSFP:Wave 2,Introductory,,2610
Longbow LGB-7V,,85,"1,816",49,Missile Boat,TR:3058U RS:3058Uu-I,Standard,,3056
Longbow LGB-8C,,85,"1,653",45,Missile Boat,RGv1 RG20,Introductory,,2615
Longbow LGB-8V,,85,"1,808",59,Missile Boat,TR:3085 RS:3085u-PP,Advanced,,3068
Lupus A,,60,"1,927",42,Brawler,TR:GC TR:GC,Standard,,2857
Lupus B,,60,"1,985",44,Skirmisher,TR:GC TR:GC,Standard,,2857
Lupus C,,60,"2,535",45,Skirmisher,TR:GC TR:GC,Standard,,3147
Lupus D,,60,"2,030",42,Brawler,TR:GC TR:GC,Standard,,3147
Lupus Prime,,60,"2,428",47,Missile Boat,TR:GC TR:GC,Standard,,2857
Lynx LNX-9C,,55,"1,630",38,Skirmisher,TR:3058U RS:3058Uu-C,Standard,,3057
Lynx LNX-9Q,,55,"1,725",38,Skirmisher,TR:3058U RS:3058Uu-C,Standard,,2761
Lynx LNX-9R,,55,"1,755",36,Skirmisher,TR:3058U RS:3058Uu-C,Standard,,3056
Mad Cat (Timber Wolf) A,,75,"2,854",59,Skirmisher,TR:CI RSFP:Wave 1,Standard,,2945
Mad Cat (Timber Wolf) B,,75,"2,224",48,Sniper,TR:CI RSFP:Wave 1,Standard,,2945
Mad Cat (Timber Wolf) C,,75,"2,500",50,Sniper,TR:CI RS:CI,Standard,,2945
Mad Cat (Timber Wolf) D,,75,"2,682",51,Skirmisher,TR:CI RS:CI,Standard,,2945
Mad Cat (Timber Wolf) E,,75,"2,444",53,Sniper,TR:CI RS:CI,Standard,,3059
Mad Cat (Timber Wolf) F,,75,"2,764",54,Missile Boat,TR:CI RS:CI,Standard,,3069
Mad Cat (Timber Wolf) H,,75,"2,627",58,Missile Boat,TR:CI RS:CI,Standard,,3059
Mad Cat (Timber Wolf) M,,75,"2,741",50,Brawler,RG05 RG05,Standard,,3068
Mad Cat (Timber Wolf) N,,75,"2,862",53,Brawler,RG05 RG05,Standard,,3050
Mad Cat (Timber Wolf) Prime,,75,"2,737",54,Brawler,TR:CI RSFP:Wave 1,Standard,,2945
Mad Cat (Timber Wolf) S,,75,"2,462",54,Skirmisher,TR:CI RS:CI,Standard,,3050
Mad Cat (Timber Wolf) T,,75,"2,714",62,Missile Boat,RG05 RSFP:WD,Standard,,3142
Mad Cat (Timber Wolf) TC,,75,"2,903",52,Skirmisher,BoT BoT,Standard,,3052
Mad Cat (Timber Wolf) U,,75,"2,627",46,Sniper,TR:CI RS:3085u-ONN,Experimental,,3077
Mad Cat (Timber Wolf) W,,75,"2,791",55,Juggernaut,RG05 RG05,Standard,,3100
Mad Cat III,,55,"2,400",43,Missile Boat,TR:DA RS:DA,Standard,,3086
Mad Cat III 2,,55,"1,697",40,Skirmisher,TR:DA RS:DA,Standard,,3089
Mad Cat III 3,,55,"2,515",42,Sniper,TR:3145 RS:3145,Standard,,3094
Mad Cat III 4,,55,"2,061",46,Skirmisher,TR:3145 RS:3145,Standard,,3095
Mad Cat III 5,,55,"2,095",41,Skirmisher,TR:3145 RS:3145,Standard,,3097
Mad Cat Mk II,,90,"3,135",54,Brawler,TR:J RS:J,Standard,,3062
Mad Cat Mk II 2,,90,"2,822",51,Brawler,TR:J RS:3067u,Standard,,3069
Mad Cat Mk II 4,,90,"2,962",51,Sniper,TR:3145 RS:3145,Standard,,3090
Mad Cat Mk II 5,,90,"2,491",52,Brawler,TR:3145 RS:3145,Standard,,3109
Mad Cat Mk IV (Savage Wolf) A,,75,"2,413",55,Skirmisher,TR:DA RS:DA,Advanced,,3136
Mad Cat Mk IV (Savage Wolf) B,,75,"2,606",53,Skirmisher,TR:DA RS:DA,Advanced,,3136
Mad Cat Mk IV (Savage Wolf) C,,75,"2,796",55,Missile Boat,TR:DA RS:DA,Advanced,,3136
Mad Cat Mk IV (Savage Wolf) Prime,,75,"2,781",52,Skirmisher,TR:DA RS:DA,Advanced,,3136
Maelstrom MTR-5K,,75,"1,694",44,Skirmisher,TR:3058U RS:3058Uu-I,Standard,,3056
Maelstrom MTR-6K,,75,"1,678",45,Skirmisher,TR:3058U RS:3058Uu-I,Standard,,3062
Malice MAL-XP,,100,"2,016",44,Juggernaut,TR:DA RS:DA,Standard,,3132
Malice MAL-XT,,100,"1,852",43,Juggernaut,TR:DA RS:DA,Standard,,3135
Man O' War (Gargoyle) A,,80,"2,689",47,Skirmisher,TR:CI RSFP:Wave 1,Standard,,2945
Man O' War (Gargoyle) B,,80,"1,843",41,Sniper,TR:CI RSFP:Wave 1,Standard,,2945
Man O' War (Gargoyle) C,,80,"2,417",46,Skirmisher,TR:CI RS:CI,Standard,,2945
Man O' War (Gargoyle) D,,80,"2,499",52,Skirmisher,TR:CI RS:CI,Standard,,2945
Man O' War (Gargoyle) E,,80,"2,257",56,Skirmisher,TR:CI RS:CI,Standard,,3060
Man O' War (Gargoyle) F,,80,"1,894",43,Brawler,RG11 RSFP:GDL,Standard,,3127
Man O' War (Gargoyle) G,,80,"2,156",45,Skirmisher,TR:CI RS:CI,Standard,,3069
Man O' War (Gargoyle) H,,80,"2,183",50,Skirmisher,TR:CI RS:CI,Standard,,3059
Man O' War (Gargoyle) I,,80,"2,516",46,Sniper,RG11 RG11,Standard,,3113
Man O' War (Gargoyle) J,,80,"2,134",62,Skirmisher,RG11 RG11,Standard,,3133
Man O' War (Gargoyle) K,,80,"2,182",53,Skirmisher,RG11 RG11,Standard,,3140
Man O' War (Gargoyle) M,,80,"2,182",44,Sniper,TR:CI RS:CI,Standard,,3068
Man O' War (Gargoyle) P,,80,"2,320",42,Skirmisher,RG11 RG11,Standard,,3093
Man O' War (Gargoyle) Prime,,80,"1,537",38,Skirmisher,TR:CI RSFP:Wave 1,Standard,,2945
Man O' War (Gargoyle) T,,80,"1,632",45,Skirmisher,RG11 RG11,Standard,,3142
Man O' War (Gargoyle) X,,80,"2,800",52,Skirmisher,TR:CI RS:3145,Advanced,,3128
Mangonel MNL-3L,,70,"1,552",37,Skirmisher,TR:DA RS:DA,Standard,,3079
Mangonel MNL-4S,,70,"2,659",46,Brawler,TR:DA RS:3145,Standard,,3088
Marauder (Bounty Hunter-3138),,75,"2,708",45,Sniper,RGv1 RG06,Standard,,3138
Marauder (Red Hunter-3146),,75,"2,509",44,Juggernaut,RGv1 RG06,Advanced,,3146
Marauder II MAD-4S,,100,"2,623",47,Juggernaut,TR:CI RS:CI,Standard,,3064
Marauder II MAD-6A,,100,"2,367",48,Sniper,RGv1 RG05,Standard,,3134
Marauder II MAD-6C,,100,"2,346",50,Sniper,RGv1 RG05,Advanced,,3134
Marauder II MAD-6D,,100,"2,378",47,Skirmisher,TR:3085 RS:3085u-PP,Standard,,3083
Marauder II MAD-6M,,100,"2,218",44,Skirmisher,TR:3085 RS:3085u-PP,Experimental,,3078
Marauder MAD-11D,,75,"2,263",41,Sniper,RGv1 RG06,Standard,,3140
Marauder MAD-2R,,75,"1,630",40,Sniper,TR:3075 RS:3075u-AW,Standard,,2760
Marauder MAD-2T,,75,"1,646",38,Sniper,RGv1 RG06,Standard,,3092
Marauder MAD-3R,,75,"1,363",35,Sniper,TR:3039 RSFP:Wave 1,Introductory,,2819
Marauder MAD-5D,,75,"1,787",37,Skirmisher,RGv1 RSFP:Wave 1,Standard,,3047
Marauder MAD-5M,,75,"1,471",33,Skirmisher,RGv1 RG06,Standard,,3051
Marauder MAD-5R,,75,"1,877",41,Brawler,TR:CI RS:CI,Standard,,3068
Marauder MAD-5S,,75,"1,799",36,Sniper,RGv1 RG06,Standard,,3051
Marauder MAD-7C,,75,"1,810",41,Sniper,RGv1 RG06,Standard,,3103
Marauder MAD-7M,,75,"1,908",36,Brawler,RGv1 RG06,Standard,,3074
Marauder MAD-7R,,75,"1,832",38,Sniper,RGv1 RG06,Standard,,3103
Marauder MAD-7S,,75,"1,903",38,Sniper,RGv1 RG06,Standard,,3086
Marauder MAD-9M2,,75,"1,875",43,Brawler,BattleCorps RS:CI,Standard,,3068
Marauder MAD-9S,,75,"1,786",41,Sniper,TR:CI RS:CI,Standard,,3068
Marauder MAD-9W2,,75,"1,868",43,Skirmisher,TR:3085 RS:3085u-PP,Standard,,3080
Marshal MHL-2L,,55,"1,313",32,Skirmisher,TR:3060 RS:3060u,Standard,,3063
Marshal MHL-X1,,55,"1,163",31,Skirmisher,TR:3060 RS:3060u,Standard,,3059
Mauler MAL-1K,,90,"1,622",40,Juggernaut,TR:CI RS:3050Uu-I,Standard,,3069
Men Shen MS1-O,,55,"1,550",55,Striker,TR:J RS:J,Standard,,3060
Men Shen MS1-OA,,55,"1,529",49,Striker,TR:J RS:J,Standard,,3060
Men Shen MS1-OB,,55,"1,484",48,Striker,TR:J RS:J,Standard,,3060
Men Shen MS1-OC,,55,"1,435",50,Striker,TR:J RS:J,Standard,,3060
Men Shen MS1-OD,,55,"1,581",50,Striker,TR:J RS:J,Standard,,3060
Men Shen MS1-OE,,55,"1,625",48,Striker,TR:J RS:3060u,Standard,,3070
Men Shen MS1-OF,,55,"1,648",44,Striker,TR:J RS:3060u,Standard,,3076
Men Shen MS1-OG,,55,"2,267",53,Scout,TR:3145 RS:3145,Advanced,,3134
Men Shen MS1-OU,,55,"1,725",46,Striker,TR:3085 RS:3085u-ONN,Experimental,,3077
Merlin MLN-1A,,60,"1,217",31,Brawler,TR:SW RS:SW,Introductory,,3010
Merlin MLN-1B,,60,"1,228",32,Brawler,TR:SW RS:3058Uu-I,Introductory,,3053
Merlin MLN-1C,,60,"1,267",31,Brawler,TR:SW RS:3058Uu-I,Standard,,3068
Merlin MLN-1D,,60,"1,370",34,Sniper,RGv1 RG26,Standard,,3090
Minsk 2,,70,"2,363",48,Sniper,TR:GC TR:GC,Advanced,,3148
Mjolnir MLR-B2,,25,670,18,Scout,TR:DA RS:DA,Advanced,,3077
Mongoose II MON-267,,40,"1,237",36,Scout,TR:3075 RS:3075u-CE,Standard,,3073
Mongoose II MON-268,,40,"1,215",46,Striker,TR:3075 RS:3075u-CE,Standard,,3076
Mongoose MON-76,,25,894,32,Striker,TR:3050U RS:3050Uu-C,Standard,,3077
Mongoose MON-86,,25,887,29,Striker,TR:3085 RS:3085u-ONN,Standard,,3078
Mongoose MON-96,,25,"1,011",35,Scout,RG10 RG10,Standard,,3129
Mongrel MGL-T1,,50,"1,860",48,Striker,TR:3145 RS:3145,Advanced,,3092
Mongrel MGL-T2,,50,"1,949",49,Striker,TR:3145 RS:3145,Advanced,,3108
Mortis MS-1A,,75,"1,834",38,Skirmisher,TR:3145 RS:3145,Advanced,,3109
Naginata NG-C3Ar,,95,"1,879",56,Missile Boat,TR:3085 RS:3085u-ONN,Experimental,,3076
Neanderthal NTL-AG,,80,"2,024",39,Juggernaut,TR:3145 RS:3145,Advanced,,3128
Neanderthal NTL-UG,,80,"1,817",41,Skirmisher,TR:3145 RS:3145,Standard,,3124
Nexus NXS1-C,,25,804,28,Striker,RGv1 RG23,Advanced,,3140
Night Gyr A,,75,"2,680",45,Skirmisher,TR:J RSFP:Wave 2,Standard,,3052
Night Gyr B,,75,"2,140",38,Sniper,TR:J RSFP:Wave 2,Standard,,3052
Night Gyr C,,75,"2,468",42,Skirmisher,TR:J RS:J,Standard,,3052
Night Gyr D,,75,"2,889",46,Missile Boat,TR:J RS:J,Standard,,3052
Night Gyr E,,75,"2,717",47,Skirmisher,TR:J RS:J,Standard,,3061
Night Gyr F,,75,"2,958",45,Skirmisher,RG22 RG22,Standard,,3069
Night Gyr G,,75,"3,069",42,Sniper,RG22 RG22,Standard,,3144
Night Gyr H,,75,"2,428",46,Skirmisher,TR:J RS:J,Standard,,3062
Night Gyr Prime,,75,"2,830",47,Skirmisher,TR:J RSFP:Wave 2,Standard,,3052
Night Gyr T,,75,"2,767",43,Juggernaut,RG22 RG22,Standard,,3142
Night Gyr X,,75,"2,781",47,Sniper,RG22 RG22,Experimental,,3074
Night Hawk NTK-2Q,,35,997,27,Striker,TR:SW RS:SW,Standard,,2656
Night Hawk NTK-2S,,35,"1,017",28,Striker,TR:SW RS:SW,Standard,,3059
Night Stalker NSR-K1,,40,"1,149",39,Scout,TR:DA RS:DA,Advanced,,3134
Night Stalker NSR-K3,,40,"1,028",40,Scout,TR:DA RS:DA,Advanced,,3135
Night Stalker NSR-K4,,40,"1,159",39,Scout,TR:DA RS:DA,Advanced,,3136
Night Stalker NSR-KC,,40,"1,037",42,Scout,TR:DA RS:DA,Advanced,,3136
Nightsky NGS-4S,,50,"1,159",30,Striker,TR:CI RSFP:KH,Standard,,3053
Nightsky NGS-5T,,50,"1,356",29,Striker,TR:CI RS:CI,Standard,,3057
Nightsky NGS-6S,,50,"1,474",32,Striker,TR:CI RS:CI,Standard,,3066
Nightsky NGS-6T,,50,"1,462",31,Striker,TR:CI RS:3085u-ONN,Standard,,3067
Nightsky NGS-7S,,50,"1,591",31,Striker,RG27 RSFP:KH,Advanced,,3142
Nightstar NSR-9FC,,95,"1,929",45,Juggernaut,TR:SW RSFP:Wave 2,Standard,,3057
Nightstar NSR-9J,,95,"2,399",51,Juggernaut,TR:SW RSFP:Wave 2,Standard,,2767
Nightstar NSR-9J (Holt),,95,"3,433",60,Sniper,TR:SW SO:HH,Experimental,,3063
Nightstar NSR-9SS,,95,"2,145",46,Juggernaut,TR:SW RS:SW,Standard,,3065
No-Dachi NDA-1K,,70,"1,708",37,Brawler,TR:CI RS:CI,Standard,,3058
No-Dachi NDA-1KC,,70,,,None,TR:CI None,Unknown,,3058
No-Dachi NDA-2K,,70,"1,739",43,Brawler,TR:CI RS:CI,Standard,,3059
No-Dachi NDA-2KC,,70,"1,705",46,Skirmisher,TR:CI RS:3085u-ONN,Standard,,3067
No-Dachi NDA-2KO,,70,"1,728",43,Brawler,TR:CI RS:CI,Standard,,3060
Nyx NX-100,,30,917,32,Scout,TR:3145 RS:3145,Standard,,3095
Nyx NX-80,,30,924,38,Striker,TR:J RS:J,Standard,,3076
Nyx NX-80C,,30,874,34,Striker,TR:J RS:J,Standard,,3078
Ocelot 2,,35,"1,734",29,Striker,TR:J RS:J,Standard,,3070
Orion C 2,,75,"2,026",41,Brawler,RG19 RG19,Standard,,3143
Orion ON1-K,,75,"1,429",39,Brawler,TR:SW RSFP:Wave 2,Introductory,,2525
Orion ON1-M,,75,"1,414",36,Brawler,TR:3050U RSFP:Wave 2,Standard,,3049
Orion ON1-MB,,75,"1,472",36,Brawler,TR:3050U RS:3050Uu-I,Standard,,3058
Orion ON1-MC,,75,"1,501",40,Brawler,TR:3050U RS:3050Uu-I,Standard,,3058
Orion ON1-MD,,75,"1,597",40,Brawler,TR:3050U RS:3050Uu-I,Standard,,3062
Orion ON2-M,,75,"1,828",43,Brawler,TR:3050U RS:3050Uu-I,Standard,,3063
Orion ON3-M,,75,"1,826",37,Sniper,TR:Proto RS:Proto,Advanced,,3083
Osiris OSR-3D,,30,"1,138",32,Striker,TR:J RS:J,Standard,,3063
Osiris OSR-4D,,30,"1,230",27,Striker,TR:J RS:J,Standard,,3067
Osprey OSP-25,,55,"1,630",35,Sniper,TR:J RS:J,Standard,,3074
Ostroc OSR-2Cb,,60,"1,478",36,Skirmisher,TR:3075 RS:3075u-AW,Standard,,2729
Ostroc OSR-2D,,60,"1,396",39,Skirmisher,RGv1 RG21,Standard,,3050
Ostroc OSR-3M,,60,"1,594",36,Skirmisher,RGv1 RG21,Standard,,3088
Ostroc OSR-4K,,60,"1,490",30,Skirmisher,TR:3085 RS:3085u-PP,Standard,,3077
Ostscout OTT-12R,,35,"1,209",23,Scout,RGv1 RG02,Standard,,3145
Ostscout OTT-7J,,35,596,21,Scout,TR:SW RS:SW,Introductory,,2600
Ostscout OTT-9S,,35,855,24,Scout,TR:PP RS:3085u-PP,Standard,,3065
Ostsol C,,60,"2,277",41,Skirmisher,RGv1 RG14,Advanced,,3145
Ostsol OTL-7M,,60,"1,581",39,Skirmisher,TR:J RS:J,Standard,,3065
Ostsol OTL-8E,,60,"1,552",36,Skirmisher,RGv1 RG14,Standard,,3144
Ostsol OTL-8E3,,60,"1,671",37,Skirmisher,RGv1 RG14,Standard,,3149
Ostsol OTL-8M,,60,"1,733",37,Skirmisher,TR:J RS:J,Standard,,3066
Ostsol OTL-9R,,60,"1,654",36,Juggernaut,TR:3085 RS:3085u-PP,Standard,,3077
Ostwar OWR-3M,,65,"1,557",43,Brawler,TR:J RS:J,Standard,,3075
Owens OW-1,,35,839,38,Missile Boat,TR:CI RS:CI,Standard,,3056
Owens OW-1A,,35,680,32,Scout,TR:CI RS:CI,Standard,,3056
Owens OW-1B,,35,752,33,Scout,TR:CI RS:CI,Standard,,3056
Owens OW-1C,,35,964,36,Striker,TR:CI RS:CI,Standard,,3056
Owens OW-1D,,35,655,32,Scout,TR:CI RS:CI,Standard,,3056
Owens OW-1E,,35,833,36,Striker,TR:CI RS:CI,Standard,,3060
Owens OW-1F,,35,933,39,Striker,TR:CI RS:3058Uu-I,Standard,,3076
Owens OW-1G,,35,"1,761",34,Scout,RS:3145 RS:3145,Advanced,,3125
Owens OW-1R,,35,"1,215",37,Striker,TR:CI RS:3058Uu-I,Experimental,,3059
Pack Hunter,,30,"1,369",27,Striker,TR:3060 RSFP:Wave 2,Standard,,3059
Pack Hunter 5,,30,"1,644",31,Sniper,RG01 RG01,Standard,,3145
Pack Hunter II,,30,"1,794",34,Striker,TR:DA RS:DA,Standard,,3077
Pandarus LFA-1A,,75,"1,589",36,Missile Boat,TR:Proto RS:Proto,Advanced,,3083
Panther PNT-10K,,35,838,19,Brawler,TR:3050U RSFP:Wave 2,Standard,,3051
Panther PNT-10K2,,35,913,22,Brawler,TR:3085 RS:3085u-CE,Standard,,3074
Panther PNT-10KA,,35,797,19,Brawler,TR:3050U RS:3050Uu-I,Standard,,3055
Panther PNT-12A,,35,982,24,Brawler,TR:3050U RS:3050Uu-I,Standard,,3064
Panther PNT-12K,,35,930,21,Brawler,TR:3085 RS:3085u-CE,Standard,,3079
Panther PNT-12K2,,35,930,21,Brawler,TR:3085 RS:3085u-CE,Standard,,3074
Panther PNT-13K,,35,996,25,Striker,TR:3085 RS:3085u-CE,Standard,,3076
Panther PNT-CA,,35,787,21,Brawler,TR:3050U RS:3050Uu-I,Standard,,3055
Pathfinder PFF-2,,25,452,16,Scout,XTR:RetroTech XTR:RetroTech,Advanced,,3075
Peacekeeper PKP-1B,,95,"2,981",49,Sniper,TR:DA RS:DA,Standard,,3087
Penetrator PTR-4D,,75,"1,687",39,Skirmisher,TR:CI RSFP:HRR,Standard,,3053
Penthesilea PEN-2H,,75,"1,899",38,Brawler,TR:3085 RS:3085u-CE,Standard,,3083
Penthesilea PEN-2MAF,,75,"1,834",39,Brawler,TR:3085 RS:3085u-CE,Standard,,3085
Phoenix Hawk IIC,,80,"2,057",41,Sniper,RGv1 RG15,Standard,,2851
Phoenix Hawk IIC 10,,80,"2,762",46,Skirmisher,RGv1 RG15,Standard,,3146
Phoenix Hawk IIC 2,,80,"2,892",48,Missile Boat,RGv1 RG15,Standard,,2852
Phoenix Hawk IIC 3,,80,"2,448",45,Skirmisher,TR:J RS:J,Standard,,3062
Phoenix Hawk IIC 4,,80,"2,483",51,Skirmisher,TR:J RS:J,Standard,,3065
Phoenix Hawk IIC 7,,80,"2,219",47,Skirmisher,TR:3085 RS:3085u-PP,Standard,,3078
"Phoenix Hawk L ""Fenikkusu Taka"" PXH-11K",,35,"1,563",23,Scout,TR:3150 RS:3150,Standard,,3116
"Phoenix Hawk L ""Fenikkusu Taka"" PXH-11K2",,35,"1,233",22,Striker,TR:3150 RS:3150,Standard,,3116
Phoenix Hawk PXH-1,,45,"1,041",26,Skirmisher,TR:3039 RSFP:Wave 1,Introductory,,2568
"Phoenix Hawk PXH-1c ""Special""",,45,"1,443",31,Striker,TR:3075 RS:3075u-AW,Standard,,2765
Phoenix Hawk PXH-2K,,45,"1,271",34,Striker,RGv1 RG11,Standard,,3050
Phoenix Hawk PXH-3K,,45,"1,359",32,Striker,RGv1 RSFP:Wave 1,Standard,,3050
Phoenix Hawk PXH-3M,,45,"1,307",27,Striker,RGv1 RG11,Standard,,3045
Phoenix Hawk PXH-4M,,45,"1,327",31,Striker,RGv1 RG11,Standard,,3087
Phoenix Hawk PXH-7S,,45,"1,496",40,Striker,TR:CI RS:CI,Standard,,3067
Phoenix Hawk PXH-9,,45,"1,244",37,Striker,RGv1 RG11,Standard,,3140
Pillager PLG-3Z,,100,"2,697",51,Juggernaut,TR:SW RS:SW,Standard,,2594
Piranha 4,,20,"1,063",23,Striker,TR:CI RS:3085u-ONN,Standard,,3072
Piranha 5,,20,"1,132",33,Striker,RG13 RG13,Standard,,3140
Pouncer A,,40,"2,081",36,Missile Boat,TR:J RS:J,Standard,,3050
Pouncer B,,40,"1,836",32,Sniper,TR:J RS:J,Standard,,3050
Pouncer C,,40,"1,653",37,Striker,TR:J RS:J,Standard,,3050
Pouncer D,,40,"2,246",33,Striker,TR:J RS:J,Standard,,3050
Pouncer E,,40,"1,632",35,Striker,TR:J RS:J,Standard,,3061
Pouncer F,,40,"1,308",29,Scout,RG25 RG25,Standard,,3069
Pouncer G,,40,"1,808",37,Striker,RG25 RG25,Standard,,3142
Pouncer H,,40,"1,784",36,Striker,TR:J RS:J,Standard,,3062
Pouncer I,,40,"1,781",31,Missile Boat,RG25 RG25,Standard,,3142
Pouncer Prime,,40,"2,557",31,Sniper,TR:J RS:J,Standard,,3050
Pouncer T,,40,"1,573",29,Scout,RG25 RG25,Standard,,3142
Pouncer W,,40,"1,751",34,Sniper,RG25 RG25,Standard,,3089
Pouncer X,,40,"1,455",33,Striker,RG25 RG25,Advanced,,3147
Prefect PRF-1R,,75,"1,847",42,Skirmisher,TR:DA RS:DA,Standard,,3085
Prefect PRF-2R,,75,"1,710",37,Skirmisher,TR:DA RS:DA,Standard,,3086
Puma (Adder) A,,35,"1,437",35,Missile Boat,TR:CI RSFP:Wave 1,Standard,,3012
Puma (Adder) B,,35,"1,422",28,Sniper,TR:CI RSFP:Wave 1,Standard,,3010
Puma (Adder) C,,35,"1,372",31,Missile Boat,TR:CI RS:CI,Standard,,3012
Puma (Adder) D,,35,"1,255",28,Sniper,TR:CI RS:CI,Standard,,3010
Puma (Adder) E,,35,"1,272",31,Sniper,TR:CI RS:CI,Standard,,3060
Puma (Adder) H,,35,"1,453",28,Brawler,TR:CI RS:CI,Standard,,3059
Puma (Adder) I,,35,"1,575",36,Striker,RG03 RG03,Standard,,3125
Puma (Adder) J,,35,"1,222",28,Sniper,TR:CI RS:CI,Standard,,3070
Puma (Adder) K,,35,"1,281",25,Sniper,RG03 RG03,Standard,,3125
Puma (Adder) L,,35,"1,738",33,Striker,RG03 RG03,Standard,,3147
Puma (Adder) Prime,,35,"2,083",30,Sniper,TR:CI RSFP:Wave 1,Standard,,3010
Puma (Adder) S,,35,"1,427",38,Scout,RG03 RG03,Standard,,3050
Puma (Adder) T,,35,"2,182",24,Sniper,RG03 RG03,Standard,,3142
Quickdraw QKD-5M,,60,"1,237",31,Skirmisher,TR:3050U RS:3050Uu-I,Standard,,3049
Quickdraw QKD-5Mr,,60,"1,471",33,Missile Boat,TR:3085 RS:3085u-ONN,Standard,,3070
Quickdraw QKD-9G,,60,"2,224",51,Skirmisher,RG26 RG26,Standard,,3144
Raider JL-1,,50,817,21,Juggernaut,TR:DA RS:DA,Standard,,3134
Raider JL-3A,,50,988,25,Juggernaut,TR:DA RS:DA,Standard,,3138
Raider JL-3B,,50,"1,126",26,Brawler,TR:DA RS:DA,Standard,,3138
Raider Mk II JL-2,,50,883,23,Brawler,TR:DA RS:DA,Standard,,3134
Raider Mk II JL-3C,,50,"1,007",23,Brawler,TR:DA RS:DA,Standard,,3139
Raijin RJN-301-B,,50,"1,365",31,Striker,RGv1 RG23,Standard,,3122
Rakshasa MDG-1A,,75,"1,795",45,Skirmisher,TR:3055U RS:3055Uu,Standard,,3055
Rakshasa MDG-1Ar,,75,"1,675",42,Skirmisher,TR:3085 RS:3085u-ONN,Standard,,3076
Rakshasa MDG-1B,,75,"1,748",45,Skirmisher,TR:3055U RS:3055Uu,Standard,,3056
Raptor II RPT-2X2,,40,"1,868",36,Striker,TR:3145 RS:3145,Experimental,,3109
Raptor II RPT-3X,,40,"1,304",39,Striker,TR:J RS:J,Experimental,,3084
Raptor II RPT-5X,,40,"1,124",36,Sniper,TR:J RS:J,Experimental,,3084
Rattlesnake JR7-31,,35,"1,398",42,Striker,Shrap09 ShrapRS,Standard,,3042
Rattlesnake JR7-31P,,35,"1,323",43,Striker,Shrap09 ShrapRS,Standard,,3043
Rawhide RWD-R1,,55,"1,939",36,Skirmisher,RG15 RG15,Advanced,,3137
Razorback RZK-10S,,30,821,25,Striker,TR:3067 RS:3067u,Standard,,3079
Razorback RZK-9S,,30,855,24,Striker,TR:3067 RS:3067u,Standard,,3063
Razorback RZK-9T,,30,"1,149",24,Striker,TR:3067 RS:3067u,Standard,,3066
Regent A,,90,"3,412",49,Sniper,RG21 RG21,Standard,,3145
Regent B,,90,"2,744",53,Juggernaut,RG21 RG21,Standard,,3145
Regent C,,90,"2,561",50,Sniper,RG21 RG21,Standard,,3145
Regent D,,90,"2,116",49,Sniper,RG21 RG21,Standard,,3145
Regent Prime,,90,"2,437",51,Juggernaut,RG21 RG21,Standard,,3145
Revenant UBM-2R,,30,779,27,Striker,TR:3145 RS:3145,Advanced,,3139
Revenant UBM-2R2,,30,630,24,Missile Boat,TR:3145 RS:3145,Advanced,,3139
Revenant UBM-2R3,,30,770,20,Sniper,TR:3145 RS:3145,Advanced,,3141
Revenant UBM-2R4,,30,615,25,Scout,TR:3145 RS:3145,Advanced,,3142
Revenant UBM-2R7,,30,472,13,Scout,TR:3145 RS:3145,Advanced,,3144
Rifleman C 3,,60,"1,871",38,Sniper,RGv1 RSFP:WD,Standard,,3132
Rifleman IIC 2,,65,"1,345",31,Sniper,RGv1 RG23,Standard,,2997
Rifleman IIC 3,,65,"1,733",40,Juggernaut,TR:PP RS:3085u-PP,Standard,,3062
Rifleman IIC 5,,65,"2,343",46,Skirmisher,BattleCorps RS:3085u-PP,Standard,,3069
Rifleman IIC 7,,65,"2,205",39,Skirmisher,TR:3085 RS:3085u-PP,Standard,,3078
Rifleman IIC 8,,65,"2,541",50,Skirmisher,TR:3085 RS:3085u-PP,Standard,,3078
Rifleman RFL-5D,,60,"1,395",32,Brawler,RGv1 RSFP:Wave 1,Standard,,3050
Rifleman RFL-5M,,60,"1,227",31,Brawler,RGv1 RG08,Standard,,3049
Rifleman RFL-6X,,60,"1,464",35,Sniper,TR:CI RS:CI,Standard,,3063
Rifleman RFL-7G,,60,"1,302",28,Sniper,RGv1 RG08,Standard,,3086
Rifleman RFL-7M,,60,"1,521",34,Brawler,TR:CI RS:CI,Standard,,3066
Rifleman RFL-7N,,60,"1,398",32,Sniper,RGv1 RG08,Standard,,3133
Rifleman RFL-7N2,,60,"1,452",32,Sniper,RGv1 RG08,Standard,,3133
Rifleman RFL-7X,,60,"1,645",30,Skirmisher,TR:3085 RS:3085u-PP,Standard,,3081
Rifleman RFL-8D,,60,"1,777",35,Skirmisher,TR:CI RS:CI,Standard,,3064
Rifleman RFL-8X,,60,"1,798",38,Skirmisher,TR:3085 RS:3085u-PP,Standard,,3068
Roadrunner (Emerald Harrier) RD-1R,,15,888,22,Scout,TR:3150 XTR:RotS 1,Experimental,,2920
Rook NH-1B,,55,"1,227",29,Brawler,JHS:3076 RS:3085u-CE,Introductory,,3075
Rook NH-2,,55,"1,525",34,Skirmisher,TR:J RS:J,Standard,,3076
Ryoken (Stormcrow) A,,55,"2,319",45,Striker,TR:CI RSFP:Wave 1,Standard,,2930
Ryoken (Stormcrow) B,,55,"2,281",39,Striker,TR:CI RSFP:Wave 1,Standard,,2930
Ryoken (Stormcrow) C,,55,"1,881",39,Striker,TR:CI RS:CI,Standard,,2930
Ryoken (Stormcrow) D,,55,"1,863",39,Missile Boat,TR:CI RS:CI,Standard,,2930
Ryoken (Stormcrow) E,,55,"2,110",52,Striker,TR:CI RS:CI,Standard,,3054
Ryoken (Stormcrow) F,,55,"2,227",37,Striker,TR:CI RS:CI,Standard,,3069
Ryoken (Stormcrow) G,,55,"2,152",43,Striker,TR:CI RS:CI,Standard,,3068
Ryoken (Stormcrow) H,,55,"2,061",42,Striker,TR:CI RS:CI,Standard,,3059
Ryoken (Stormcrow) I,,55,"2,319",42,Sniper,RG07 RG07,Standard,,3059
Ryoken (Stormcrow) J,,55,"2,300",37,Striker,RG07 RG07,Standard,,3130
Ryoken (Stormcrow) K,,55,"2,001",47,Striker,RG07 RG07,Standard,,3120
Ryoken (Stormcrow) P,,55,"2,213",41,Striker,RG07 RG07,Standard,,3049
Ryoken (Stormcrow) Prime,,55,"2,073",43,Striker,TR:CI RSFP:Wave 1,Standard,,2930
Ryoken (Stormcrow) T,,55,"2,280",61,Striker,RG07 RG07,Standard,,3142
Ryoken (Stormcrow) TC,,55,"2,373",43,Skirmisher,BoT BoT,Standard,,3052
Ryoken II,,75,"1,801",35,Sniper,TR:J RS:J,Standard,,3075
Sagittaire SGT-10X,,95,"1,794",49,Brawler,TR:J RS:3067u,Advanced,,3084
Salamander PPR-5S,,80,"1,769",46,Missile Boat,TR:J RS:J,Standard,,3055
Salamander PPR-5T,,80,"1,589",42,Missile Boat,TR:J RS:J,Standard,,3056
Salamander PPR-6S,,80,"1,714",47,Missile Boat,TR:J RS:J,Standard,,3058
Salamander PPR-6T,,80,"1,681",44,Missile Boat,TR:J RS:J,Standard,,3060
Scarabus SCB-9A,,30,846,27,Scout,TR:CI RS:CI,Standard,,3053
Scarabus SCB-9T,,30,949,28,Scout,TR:CI RS:CI,Standard,,3054
Schwerer Gustav,,100,"1,796",43,Missile Boat,XTR:Mercs XTR:Mercs,Experimental,,3073
Scorpion SCP-10M,,55,"1,458",44,Sniper,TR:3085 RS:3085u-PP,Standard,,3080
Scorpion SCP-12S,,55,"1,109",27,Skirmisher,TR:J RS:J,Standard,,3066
Scorpion SCP-1BR,,55,"1,473",42,Skirmisher,RGv1 RG19,Standard,,3135
Scorpion SCP-1TB,,55,"1,185",36,Missile Boat,RGv1 RG19,Standard,,3072
Scorpion SCP-2N,,55,"1,562",41,Skirmisher,RGv1 RG19,Standard,,3133
Scourge SCG-WD1,,65,"2,061",43,Skirmisher,TR:DA RS:DA,Standard,,3131
Sentinel STN-3L,,40,717,23,Striker,TR:SW RSFP:Wave 2,Standard,,2652
Sentry SNT-04,,40,"1,069",25,Sniper,TR:3060 RS:3060u,Standard,,3056
Shadow Cat A,,45,"2,220",42,Sniper,TR:CI RSFP:Wave 1,Standard,,3003
Shadow Cat B,,45,"2,420",51,Missile Boat,TR:CI RSFP:Wave 1,Standard,,3003
Shadow Cat C,,45,"2,199",45,Striker,TR:CI RS:CI,Standard,,3061
Shadow Cat D,,45,"2,298",44,Striker,RG09 RG09,Standard,,3062
Shadow Cat E,,45,"2,084",41,Striker,RG09 RG09,Standard,,3098
Shadow Cat F,,45,"2,997",39,Sniper,TR:3145 RS:3145,Advanced,,3131
Shadow Cat H,,45,"2,155",44,Striker,TR:CI RS:CI,Standard,,3062
Shadow Cat I,,45,"2,408",43,Striker,RG09 RG09,Standard,,3136
Shadow Cat III A,,45,"2,005",37,Sniper,RG03 RG03,Standard,,3111
Shadow Cat III B,,45,"2,183",52,Striker,RG03 RG03,Standard,,3111
Shadow Cat III C,,45,"2,153",39,Striker,RG03 RG03,Standard,,3111
Shadow Cat III Prime,,45,"2,021",45,Striker,RG03 RG03,Standard,,3111
Shadow Cat J,,45,"1,802",41,Striker,RG09 RG09,Standard,,3071
Shadow Cat M,,45,"2,438",40,Striker,RG09 RG09,Standard,,3054
Shadow Cat Prime,,45,"2,156",41,Striker,TR:CI RSFP:Wave 1,Standard,,3003
Shadow Cat T,,45,"1,852",46,Scout,RG09 RG09,Standard,,3142
Shadow Cat TC,,45,"1,378",35,Scout,BoT BoT,Standard,,3050
Shadow Hawk IIC,,45,"1,732",37,Striker,RGv1 RG20,Standard,,2831
Shadow Hawk IIC 3,,45,"1,471",33,Striker,TR:PP RS:3085u-PP,Standard,,3060
Shadow Hawk IIC 4,,45,"1,698",37,Striker,TR:PP RS:3085u-PP,Standard,,3060
Shadow Hawk IIC 5,,45,"1,614",27,Scout,BattleCorps RS:3085u-PP,Standard,,3069
Shadow Hawk IIC 8,,45,"1,940",43,Missile Boat,TR:3085 RS:3085u-PP,Standard,,3081
Shadow Hawk SHD-11CS2,,55,"1,779",39,Missile Boat,TR:J RS:J,Standard,,3076
Shadow Hawk SHD-2H,,55,"1,064",30,Skirmisher,TR:SW RSFP:Wave 1,Introductory,,2550
Shadow Hawk SHD-2Hb,,55,"1,354",34,Skirmisher,RGv1 RG12,Standard,,2752
Shadow Hawk SHD-5D,,55,"1,684",39,Skirmisher,TR:PP RS:3085u-PP,Standard,,3066
Shadow Hawk SHD-5M,,55,"1,430",35,Missile Boat,RGv1 RG12,Standard,,3048
Shadow Hawk SHD-5R,,55,"1,296",33,Missile Boat,RGv1 RG12,Standard,,3087
Shadow Hawk SHD-5S,,55,"1,590",43,Scout,RGv1 RG12,Standard,,3054
Shadow Hawk SHD-7H,,55,"1,394",30,Skirmisher,RGv1 RSFP:GDL,Standard,,3101
Shadow Hawk SHD-7M,,55,"1,447",35,Missile Boat,TR:PP RS:3085u-PP,Standard,,3066
Shockwave SKW-2F,,50,"1,453",35,Skirmisher,TR:DA RS:DA,Standard,,3082
Shogun C 2,,85,"2,914",59,Sniper,TR:3150 RS:3150,Advanced,,3139
Shogun SHG-3E,,85,"1,998",48,Juggernaut,TR:3150 RS:3150,Standard,,3090
Sirocco SRC-3C,,95,"2,154",52,Juggernaut,TR:3060 RS:3060u,Standard,,3060
Snake SNK-1V,,45,980,24,Striker,TR:J RS:J,Standard,,3053
Spector SPR-5F,,35,"1,183",33,Striker,TR:SW RS:SW,Standard,,3053
Spector SPR-5S,,35,"1,155",35,Striker,TR:SW RS:SW,Standard,,3067
Spider SDR-5V,,30,622,21,Scout,TR:SW RSFP:Wave 2,Introductory,,2650
Spider SDR-7K,,30,752,27,Striker,TR:3050U RS:3050Uu-I,Standard,,3067
Spider SDR-7K2,,30,884,23,Scout,TR:3050U RS:3050Uu-I,Standard,,3068
Spider SDR-7KC,,30,732,25,Scout,TR:3050U RS:3050Uu-I,Standard,,3070
Spider SDR-7Kr,,30,775,25,Scout,TR:DA RS:DA,Advanced,,3074
Spider SDR-8K,,30,"1,007",17,Scout,TR:DA RS:DA,Standard,,3084
Spider SDR-8M,,30,621,26,Striker,TR:3050U RS:3050Uu-I,Standard,,3060
Spider SDR-8R,,30,694,21,Scout,TR:DA RS:DA,Standard,,3084
Spider SDR-8X,,30,765,28,Striker,TR:DA RS:DA,Experimental,,3078
Spider SDR-8Xr,,30,754,28,Scout,TR:3145 RS:3145,Advanced,,3103
Spider SDR-9M,,30,687,27,Scout,RG19 RG19,Standard,,3096
Stalker II STK-9A,,85,"2,261",53,Juggernaut,TR:DA RS:DA,Advanced,,3137
Stalker STK-3F,,85,"1,559",42,Juggernaut,TR:SW RSFP:Wave 2,Introductory,,2594
Stalker STK-3Fb,,85,"2,029",51,Juggernaut,His:OK RS:OK,Standard,,2705
Stalker STK-5M,,85,"1,655",49,Juggernaut,TR:3050U RSFP:Wave 2,Standard,,3050
Stalker STK-5S,,85,"1,423",38,Juggernaut,TR:3050U RS:3050Uu-I,Standard,,3050
Stalker STK-6M,,85,"2,029",51,Sniper,TR:3050U RS:3050Uu-I,Standard,,3062
Stalker STK-7D,,85,"1,872",45,Juggernaut,TR:3050U RS:3050Uu-I,Standard,,3062
Stalker STK-8S,,85,"2,020",42,Juggernaut,TR:3050U RS:3050Uu-I,Standard,,3064
Stalking Spider II,,45,"1,362",33,Skirmisher,TR:DA RS:DA,Advanced,,3110
Star Adder (Blood Asp) A,,90,"3,452",54,Brawler,TR:3060 RS:3060u,Standard,,3060
Star Adder (Blood Asp) B,,90,"2,885",62,Missile Boat,TR:3060 RS:3060u,Standard,,3060
Star Adder (Blood Asp) C,,90,"2,270",51,Brawler,TR:3060 RS:3060u,Standard,,3060
Star Adder (Blood Asp) D,,90,"2,396",50,Brawler,TR:3060 RS:3060u,Standard,,3060
Star Adder (Blood Asp) E,,90,"3,179",54,Skirmisher,RG32 RG32,Standard,,3063
Star Adder (Blood Asp) F,,90,"2,908",56,Brawler,RG32 RG32,Standard,,3071
Star Adder (Blood Asp) G,,90,"3,192",54,Brawler,RG32 RG32,Standard,,3074
Star Adder (Blood Asp) I,,90,"2,242",52,Brawler,RG32 RG32,Advanced,,3148
Star Adder (Blood Asp) Prime,,90,"2,654",57,Brawler,TR:3060 RS:3060u,Standard,,3060
Star Adder (Blood Asp) T,,90,"3,069",60,Brawler,RG32 RG32,Standard,,3142
Starslayer STY-3C,,50,"1,508",35,Skirmisher,TR:CI RS:CI,Standard,,3056
Starslayer STY-3D,,50,"1,593",35,Skirmisher,TR:CI RS:CI,Standard,,3057
Starslayer STY-3Dr,,50,"1,781",39,Sniper,TR:CI RS:3085u-ONN,Standard,,3075
Starslayer STY-4C,,50,"2,218",36,Skirmisher,RG26 RG26,Standard,,3145
Stealth STH-1D,,45,"1,231",43,Striker,TR:J RS:J,Standard,,3054
Stealth STH-2D,,45,"1,508",43,Striker,TR:J RS:J,Standard,,3061
Stealth STH-2D1,,45,"1,339",45,Striker,TR:J RS:J,Standard,,3062
Stiletto STO-4B,,35,"1,164",30,Striker,TR:J RS:J,Standard,,3063
Stiletto STO-4C,,35,941,31,Striker,TR:J RS:3067u,Standard,,3076
Stiletto STO-6S,,35,"1,171",38,Striker,TR:Proto RS:Proto,Advanced,,3083
Stinger IIC,,20,730,22,Scout,TR:Proto RS:Proto,Advanced,,3085
Stinger STG-3G,,20,497,14,Scout,TR:3039 RS:3039u,Introductory,,2581
Stinger STG-3Gb,,20,674,22,Striker,RGv1 RG13,Standard,,2720
Stinger STG-3P,,20,489,14,Scout,TR:3085 RS:3085u-PP,Standard,,3068
Stinger STG-3R,,20,359,14,Scout,TR:3039 RSFP:Wave 1,Introductory,,2479
Stinger STG-4G,,20,541,22,Scout,RGv1 RG13,Standard,,3074
Stinger STG-5M,,20,432,15,Scout,RGv1 RSFP:Wave 1,Standard,,3050
Stinger STG-5R,,20,492,14,Scout,TR:CI RS:CI,Standard,,3067
Stinger STG-5T,,20,341,14,Scout,BattleCorps RS:3085u-PP,Standard,,3068
Stinger STG-6G,,20,503,18,Scout,RGv1 RG13,Standard,,3103
Stinger STG-6M,,20,503,15,Scout,RGv1 RG13,Standard,,3097
Stinger STG-6R,,20,454,18,Scout,RGv1 RG13,Standard,,3120
Stinger STG-6S,,20,478,17,Scout,BattleCorps RS:3085u-PP,Standard,,3069
Stinger STG-7S,,20,382,16,Scout,TR:3085 RS:3085u-PP,Standard,,3077
Storm Raider STM-R1,,35,593,16,Scout,TR:DA RS:DA,Standard,,3097
Storm Raider STM-R2,,35,671,23,Scout,TR:DA RS:DA,Standard,,3098
Storm Raider STM-R3,,35,791,27,Scout,TR:DA RS:DA,Standard,,3106
Storm Raider STM-R4,,35,732,20,Scout,TR:DA RS:DA,Advanced,,3108
Strider SR1-O,,40,867,28,Striker,TR:CI RS:CI,Standard,,3057
Strider SR1-OA,,40,723,23,Scout,TR:CI RS:CI,Standard,,3057
Strider SR1-OB,,40,910,26,Missile Boat,TR:CI RS:CI,Standard,,3057
Strider SR1-OC,,40,944,28,Striker,TR:CI RS:CI,Standard,,3057
Strider SR1-OD,,40,873,31,Striker,TR:CI RS:CI,Standard,,3057
Strider SR1-OE,,40,976,28,Striker,TR:CI RS:CI,Standard,,3058
Strider SR1-OF,,40,"1,032",25,Striker,TR:CI RS:CI,Standard,,3060
Strider SR1-OG,,40,883,27,Missile Boat,TR:CI RS:3058Uu-I,Standard,,3070
Strider SR1-OH,,40,"1,192",26,Sniper,TR:3145 RS:3145,Standard,,3099
Strider SR1-OM,,40,607,23,Scout,TR:3145 RS:3145,Advanced,,3135
Strider SR1-OR,,40,"1,339",29,Striker,TR:CI RS:3058Uu-I,Experimental,,3059
Strider SR1-OX,,40,889,25,Striker,TR:CI RS:3058Uu-I,Experimental,,3071
SuburbanMech UM-R90,,30,773,19,Ambusher,Shrap04 ShrapRS,Introductory,,3018
Sun Cobra,,55,"1,677",29,Sniper,TR:3075 RS:3075u-CE,Standard,,3074
Sun Cobra 2,,55,"2,394",41,Sniper,TR:3145 RS:3145,Standard,,3093
Sunder SD1-O,,90,"1,747",46,Brawler,TR:CI RS:CI,Standard,,3056
Sunder SD1-OA,,90,"2,003",47,Sniper,TR:CI RS:CI,Standard,,3056
Sunder SD1-OB,,90,"1,597",54,Brawler,TR:CI RS:CI,Standard,,3056
Sunder SD1-OC,,90,"1,735",52,Brawler,TR:CI RS:CI,Standard,,3058
Sunder SD1-OD,,90,"1,947",41,Brawler,TR:CI RS:CI,Standard,,3063
Sunder SD1-OE,,90,"1,876",42,Brawler,TR:CI RS:3058Uu-I,Standard,,3069
Sunder SD1-OF,,90,"1,854",58,Missile Boat,TR:CI RS:3145,Advanced,,3134
Sunder SD1-OG,,90,"2,594",51,Brawler,TR:CI RS:3145,Advanced,,3134
Sunder SD1-OR,,90,"2,462",50,Brawler,TR:CI RS:3058Uu-I,Experimental,,3059
Sunder SD1-OX,,90,"1,761",50,Missile Boat,TR:CI RS:3058Uu-I,Experimental,,3073
Supernova 5,,90,"3,075",52,Sniper,RG13 RG13,Standard,,3144
Talon TLN-5W,,35,"1,175",31,Striker,TR:SW RS:SW,Standard,,2760
Talon TLN-5Z,,35,"1,168",34,Sniper,TR:SW RS:3058Uu-C,Standard,,3062
Talon TLN-6W,,35,"1,341",37,Striker,TR:3085 RS:3085u-ONN,Standard,,3076
Tarantula ZPH-1,,25,666,22,Scout,TR:3055U RS:3055Uu,Standard,,3054
Tarantula ZPH-2A,,25,744,22,Scout,TR:3055U RS:3055Uu,Standard,,3060
Tarantula ZPH-3A,,25,702,26,Striker,TR:3055U RS:3055Uu,Standard,,3063
Tarantula ZPH-4A,,25,967,26,Striker,TR:3055U RS:3055Uu,Standard,,3066
Targe TRG-1N,,40,813,32,Striker,TR:3085 RS:3085u-CE,Standard,,3081
Targe TRG-2N,,40,"1,078",38,Striker,TR:3085 RS:3085u-CE,Standard,,3084
Targe TRG-3M,,40,"1,233",43,Striker,TR:3145 RS:3145,Standard,,3109
Tempest TMP-3G,,65,"1,810",39,Brawler,TR:J RS:J,Standard,,3056
Tempest TMP-3M,,65,"1,786",39,Brawler,TR:J RS:J,Standard,,3055
"Tempest TMP-3M2 ""Storm Tempest""",,65,"1,642",36,Brawler,TR:J RS:J,Standard,,3067
Tempest TMP-3MA,,65,"1,425",35,Brawler,TR:J RS:J,Standard,,3056
Thanatos TNS-4S,,75,"1,844",46,Skirmisher,TR:J RS:J,Standard,,3061
Thanatos TNS-4T,,75,"1,760",43,Skirmisher,TR:J RS:3067u,Standard,,3062
Thanatos TNS-6S,,75,"1,936",45,Skirmisher,TR:J RS:3067u,Standard,,3081
Thor II (Grand Summoner) A,,70,"2,473",43,Sniper,TR:DA RS:DA,Standard,,3093
Thor II (Grand Summoner) B,,70,"2,354",53,Missile Boat,TR:DA RS:DA,Standard,,3093
Thor II (Grand Summoner) C,,70,"2,351",43,Skirmisher,TR:DA RS:DA,Standard,,3093
Thor II (Grand Summoner) D,,70,"2,878",43,Sniper,TR:DA RS:DA,Standard,,3093
Thor II (Grand Summoner) E,,70,"2,638",51,Sniper,TR:DA RS:DA,Standard,,3093
Thor II (Grand Summoner) Prime,,70,"2,554",47,Skirmisher,TR:DA RS:DA,Standard,,3093
Thug THG-11E,,80,"1,640",41,Brawler,TR:SW RSFP:Wave 2,Standard,,2572
Thug THG-11Eb,,80,"1,759",41,Brawler,TR:3075 RS:3075u-AW,Standard,,2760
Thunder Fox TFT-A9,,55,"1,325",30,Sniper,TR:DA RS:DA,Standard,,3077
Thunder Fox TFT-L8,,55,"1,513",28,Skirmisher,TR:DA RS:DA,Standard,,3082
Thunder Hawk TDK-7KMA,,100,"2,449",59,Missile Boat,TR:SW RS:3058Uu-C,Advanced,,3059
Thunder Hawk TDK-7S,,100,"2,440",52,Sniper,TR:SW RS:SW,Standard,,3065
Thunder Hawk TDK-7X,,100,"2,577",51,Sniper,TR:SW RS:SW,Standard,,2771
Thunder Hawk TDK-7Z,,100,"2,419",54,Missile Boat,RG33 RG33,Standard,,3138
Thunder THR-1L,,70,"1,471",44,Skirmisher,TR:J RS:J,Standard,,3055
Thunderbolt TDR-10M,,65,"1,727",37,Sniper,TR:3085 RS:3085u-PP,Standard,,3082
Thunderbolt TDR-10S,,65,"1,766",38,Sniper,TR:3145 RS:3145,Standard,,3086
Thunderbolt TDR-10SE,,65,"2,008",44,Missile Boat,TR:CI RS:CI,Standard,,3067
Thunderbolt TDR-11S,,65,"1,570",37,Juggernaut,RGv1 RG15,Standard,,3074
Thunderbolt TDR-11SE,,65,"1,754",38,Skirmisher,BattleCorps RS:3085u-PP,Standard,,3069
Thunderbolt TDR-5S,,65,"1,335",36,Brawler,TR:SW RSFP:Wave 1,Introductory,,2505
Thunderbolt TDR-60-RLA,,65,"1,975",38,Skirmisher,BattleCorps RS:3085u-PP,Standard,,3072
Thunderbolt TDR-7M,,65,"1,495",39,Brawler,RGv1 RSFP:Wave 1,Standard,,3049
Thunderbolt TDR-7S,,65,"1,582",37,Brawler,RGv1 RG15,Standard,,3091
Thunderbolt TDR-7SE,,65,"1,809",42,Skirmisher,TR:CI RS:CI,Standard,,3067
Thunderbolt TDR-8M,,65,"1,644",38,Brawler,RGv1 RG15,Standard,,3058
Thunderbolt TDR-9M,,65,"1,648",38,Skirmisher,TR:CI RS:CI,Standard,,3067
Thunderbolt TDR-9Nr,,65,"1,635",47,Skirmisher,TR:3085 RS:3085u-PP,Experimental,,3072
Titan TI-1Aj,,100,"2,328",54,Juggernaut,TR:3145 RS:3145,Standard,,3123
Titan TI-1Ar,,100,"2,165",54,Juggernaut,TR:3145 RS:3145,Standard,,3123
Toro TR-A-1,,35,671,20,Brawler,XTR:Primitives IV XTR:Primitives IV,Advanced,,2481
Trebaruna TR-XB,,95,"2,223",47,Sniper,TR:3085 RS:3085u-CE,Standard,,3081
Trebaruna TR-XJ,,95,"2,270",47,Juggernaut,TR:3085 RS:3085u-CE,Standard,,3081
Trebuchet TBT-3C,,50,"1,342",39,Missile Boat,TR:3050U RS:3050Uu-I,Standard,,2780
Trebuchet TBT-5N,,50,"1,191",29,Missile Boat,TR:SW RSFP:Wave 2,Introductory,,2799
Trebuchet TBT-7M,,50,"1,348",31,Missile Boat,TR:SW RSFP:Wave 2,Standard,,3048
Trebuchet TBT-8B,,50,"1,314",32,Missile Boat,TR:3050U RS:3050Uu-I,Standard,,3071
Trebuchet TBT-9N,,50,"1,550",35,Missile Boat,RG04 RG04,Standard,,3136
Trebuchet TBT-K7R,,50,"1,408",31,Skirmisher,TR:Proto RS:Proto,Advanced,,3088
Triskelion TRK-4V,,75,"2,837",60,Brawler,XTR:RotS 3 XTR:RotS 3,Advanced,,3146
Uller (Kit Fox) A,,30,"1,310",26,Sniper,TR:CI RSFP:Wave 2,Standard,,2890
Uller (Kit Fox) B,,30,"1,087",30,Striker,TR:CI RSFP:Wave 2,Standard,,2890
Uller (Kit Fox) C,,30,"1,147",27,Striker,TR:CI RS:CI,Standard,,3050
Uller (Kit Fox) D,,30,"1,142",30,Missile Boat,TR:CI RS:CI,Standard,,2890
Uller (Kit Fox) E,,30,"1,415",26,Striker,TR:CI RS:CI,Standard,,3059
Uller (Kit Fox) F,,30,"1,219",26,Sniper,TR:CI RS:CI,Standard,,3069
Uller (Kit Fox) G,,30,"1,368",30,Sniper,RG11 RG11,Standard,,3054
Uller (Kit Fox) H,,30,"1,214",30,Striker,TR:CI RS:3050Uu-C,Standard,,3059
Uller (Kit Fox) I,,30,"1,936",40,Brawler,RS:3145 RS:3145,Standard,,3101
Uller (Kit Fox) J,,30,"1,178",25,Striker,RG11 RG11,Standard,,3060
Uller (Kit Fox) K,,30,"1,109",25,Striker,RG11 RG11,Standard,,3088
Uller (Kit Fox) Prime,,30,"1,085",26,Sniper,TR:CI RSFP:Wave 2,Standard,,2890
Uller (Kit Fox) R,,30,"1,232",26,Striker,RG11 RG11,Standard,,3121
Uller (Kit Fox) S,,30,"1,342",27,Striker,TR:CI RS:CI,Standard,,3050
Uller (Kit Fox) T,,30,"1,397",36,Scout,RG11 RG11,Standard,,3142
Uller (Kit Fox) U,,30,"1,486",28,Sniper,TR:3085 RS:3085u-ONN,Experimental,,3077
Uller (Kit Fox) V,,30,974,28,Missile Boat,RG11 RG11,Advanced,,2921
Uller (Kit Fox) W,,30,"1,431",28,Sniper,TR:CI RS:CI,Standard,,3051
Uraeus UAE-7R,,75,"1,843",41,Brawler,TR:3145 RS:3145,Advanced,,3135
UrbanMech UM-AIV,,30,603,22,Missile Boat,TR:3085 RS:3085u-ONN,Advanced,,3072
UrbanMech UM-R27,,30,610,15,Ambusher,TR:3050U RSFP:Urbies,Advanced,,3151
UrbanMech UM-R80,,30,699,21,Ambusher,TR:3085 RSFP:Urbies,Standard,,3076
UrbanMech UM-R96,,30,852,22,Ambusher,RG02 RG02,Advanced,,3149
Ursa URA-2A,,65,"1,887",39,Skirmisher,TR:DA RS:DA,Standard,,3122
Ursa URA-2C,,65,"2,570",45,Skirmisher,TR:DA RS:DA,Standard,,3125
Uziel UZL-2S,,50,"1,352",32,Striker,TR:J RS:J,Standard,,3063
Uziel UZL-3S,,50,"1,189",28,Striker,TR:J RS:J,Standard,,3065
Uziel UZL-8S,,50,"1,393",43,Striker,TR:J RS:3067u,Standard,,3075
Valiant V4-LNT-J3,,30,926,31,Striker,TR:J RS:J,Experimental,,3074
Valiant V4-LNT-K7,,30,894,29,Striker,TR:J RS:J,Standard,,3068
Valiant VLT-3E,,30,"1,019",33,Striker,XTR:RotS 1 XTR:RotS 1,Advanced,,3098
Valkyrie C,,30,936,26,Missile Boat,RGv1 RG09,Standard,,3139
Valkyrie VLK-QD,,30,807,25,Missile Boat,RGv1 RSFP:Wave 1,Standard,,3049
Valkyrie VLK-QD1,,30,878,22,Missile Boat,TR:CI RS:CI,Standard,,3067
Valkyrie VLK-QD3,,30,882,30,Striker,TR:CI RS:CI,Standard,,3067
Valkyrie VLK-QD6,,30,827,22,Missile Boat,RGv1 RG09,Standard,,3088
Valkyrie VLK-QD8,,30,787,21,Missile Boat,TR:3145 RS:3145,Standard,,3102
Valkyrie VLK-QDD,,30,834,24,Missile Boat,RGv1 RG09,Standard,,3106
Valkyrie VLK-QS5,,30,774,25,Missile Boat,BattleCorps RS:3085u-PP,Standard,,3070
Venom SDR-9K,,35,798,25,Striker,TR:CI RS:CI,Standard,,3050
Venom SDR-9KA,,35,865,27,Striker,TR:CI RS:CI,Standard,,3056
Venom SDR-9KB,,35,769,28,Striker,TR:CI RS:CI,Standard,,3057
Venom SDR-9KC,,35,939,33,Striker,TR:CI RS:CI,Standard,,3066
Verfolger VR5-R,,65,"1,639",42,Skirmisher,TR:3067 RS:3067u,Standard,,3063
Verfolger VR6-C,,65,"1,584",40,Skirmisher,TR:3067 RS:3067u,Standard,,3068
Verfolger VR6-T,,65,"1,811",38,Skirmisher,TR:3067 RS:3067u,Standard,,3082
Victor C,,80,"1,925",38,Skirmisher,Shrap06 ShrapRS,Standard,,2835
Victor VTR-10D,,80,"1,894",39,Skirmisher,TR:3050U RS:3050Uu-I,Standard,,3064
Victor VTR-11D,,80,"2,021",44,Skirmisher,TR:3050U RS:3050Uu-I,Standard,,3065
Victor VTR-12D,,80,"1,935",38,Skirmisher,RG18 RG18,Advanced,,3132
Victor VTR-9B,,80,"1,378",36,Skirmisher,TR:SW RSFP:Wave 2,Introductory,,2510
Victor VTR-9K,,80,"1,717",40,Skirmisher,TR:3050U RSFP:Wave 2,Standard,,3049
Victor VTR-9Ka,,80,"1,594",37,Skirmisher,TR:3050U RS:3085u-ONN,Standard,,3076
Victor VTR-C,,80,"1,717",43,Skirmisher,TR:3050U RS:3050Uu-I,Standard,,3054
Viking IIC,,90,"2,780",74,Missile Boat,TR:3150 RS:3150,Advanced,,3095
Viking VKG-2G,,90,"2,152",52,Juggernaut,TR:3060 RS:3060u,Standard,,3060
Viking VKG-3A,,90,"1,876",60,Missile Boat,TR:3060 RS:3060u,Advanced,,3074
Vindicator VND-3L,,45,"1,105",27,Brawler,TR:3050U RS:3050Uu-I,Standard,,3051
Vindicator VND-3Lr,,45,"1,045",26,Skirmisher,TR:3085 RS:3085u-ONN,Standard,,3077
Vindicator VND-4L,,45,"1,411",37,Skirmisher,TR:3050U RS:3050Uu-I,Standard,,3063
Violator VT-U1,,45,928,28,Skirmisher,TR:DA RS:DA,Standard,,3097
Viper VP-1,,70,"1,609",34,Brawler,RG32 RG32,Standard,,2832
Viper VP-7,,70,"1,864",34,Brawler,RG32 RG32,Standard,,3124
Viper VP-8,,70,"2,679",46,Brawler,RG32 RG32,Standard,,3130
Viper VP-9,,70,"2,244",28,Brawler,RG32 RG32,Standard,,3147
Vixen (Incubus),,30,"1,596",38,Striker,RGv1 RSFP:Wave 2,Standard,,2954
Vixen (Incubus) 2,,30,"1,913",38,Striker,RGv1 RSFP:Wave 2,Standard,,2960
Vixen (Incubus) 3,,30,"1,324",36,Striker,RGv1 RSFP:Wave 2,Standard,,3025
Vixen (Incubus) 6,,30,"1,599",33,Brawler,TR:3150 RS:3150,Experimental,,3113
Vixen (Incubus) 7,,30,"1,175",32,Striker,RGv1 RG07,Standard,,2961
Vixen (Incubus) 8,,30,"1,557",38,Striker,RGv1 RG07,Standard,,2962
Vixen (Incubus) 9,,30,"1,849",33,Striker,RGv1 RG07,Advanced,,3150
Vulcan VT-5S,,40,883,29,Striker,TR:3050U RS:3050Uu-I,Standard,,3050
Vulcan VT-5Sr,,40,"1,210",26,Scout,TR:3085 RS:3085u-ONN,Standard,,3075
Vulcan VT-7T,,40,"1,499",31,Scout,RG30 RG30,Standard,,3091
Vulture Mk IV (Mad Dog Mk IV) A,,60,"2,177",51,Sniper,TR:DA RS:DA,Advanced,,3137
Vulture Mk IV (Mad Dog Mk IV) B,,60,"2,649",51,Brawler,TR:DA RS:DA,Advanced,,3137
Vulture Mk IV (Mad Dog Mk IV) C,,60,"2,584",48,Brawler,TR:DA RS:DA,Advanced,,3137
Vulture Mk IV (Mad Dog Mk IV) D,,60,"2,346",55,Brawler,TR:DA RS:DA,Advanced,,3137
Vulture Mk IV (Mad Dog Mk IV) Prime,,60,"2,110",46,Brawler,TR:DA RS:DA,Advanced,,3136
War Dog WR-DG-02FC,,75,"1,814",38,Brawler,TR:CI RS:CI,Standard,,3052
War Dog WR-DG-03FC,,75,"1,962",40,Brawler,TR:CI RS:CI,Standard,,3064
Warhammer C 2,,70,"2,157",43,Brawler,RGv1 RSFP:NWH,Standard,,3052
Warhammer IIC,,80,"2,570",50,Brawler,RGv1 RSFP:Wave 2,Standard,,2829
Warhammer IIC 10,,80,"2,290",50,Sniper,TR:3145 RS:3145,Standard,,3120
Warhammer IIC 11,,80,"2,021",48,Juggernaut,TR:3145 RS:3145,Standard,,3124
Warhammer IIC 2,,80,"2,482",52,Missile Boat,RGv1 RSFP:Wave 2,Standard,,2920
Warhammer IIC 5,,80,"2,185",47,Brawler,BattleCorps RS:3085u-PP,Standard,,3070
Warhammer IIC 8,,80,"2,380",45,Skirmisher,TR:3085 RS:3085u-PP,Standard,,3079
Warhammer WHM-10K,,70,"2,033",39,Brawler,RGv1 RG07,Advanced,,3147
Warhammer WHM-5L,,70,"1,896",39,Skirmisher,TR:3085 RS:3085u-PP,Standard,,3081
Warhammer WHM-6R,,70,"1,299",32,Brawler,TR:3039 RSFP:Wave 1,Introductory,,2515
Warhammer WHM-6Rb,,70,"1,431",38,Brawler,TR:3075 RS:3075u-AW,Standard,,2599
Warhammer WHM-7A,,70,"1,679",40,Brawler,RGv1 RG07,Standard,,2761
Warhammer WHM-7M,,70,"1,487",35,Brawler,RGv1 RSFP:Wave 1,Standard,,3047
Warhammer WHM-7S,,70,"1,477",36,Brawler,RGv1 RSFP:NWH,Standard,,3050
Warhammer WHM-8D,,70,"1,744",43,Brawler,TR:CI RS:CI,Standard,,3066
Warhammer WHM-8R,,70,"1,697",40,Brawler,RGv1 RG07,Advanced,,3090
Warhammer WHM-9D,,70,"2,152",43,Sniper,TR:CI RS:CI,Standard,,3067
Warhammer WHM-9K,,70,"1,744",40,Brawler,RGv1 RG07,Standard,,3105
Warhammer WHM-9S,,70,"1,653",38,Brawler,TR:CI RS:CI,Standard,,3067
Wasp C,,20,755,19,Sniper,RGv1 RG04,Standard,,3143
Wasp WSP-1A,,20,384,14,Scout,TR:3039 RSFP:Wave 1,Introductory,,2471
Wasp WSP-3M,,20,394,12,Scout,RGv1 RG04,Standard,,3051
Wasp WSP-3S,,20,595,15,Scout,TR:CI RS:CI,Standard,,3067
Wasp WSP-3W,,20,342,10,Scout,RGv1 RG04,Standard,,3050
Wasp WSP-5A,,20,517,17,Scout,RGv1 RG04,Standard,,3114
Wasp WSP-8T,,20,439,14,Scout,TR:3085 RS:3085u-PP,Standard,,3075
Watchman WTC-4DM,,40,"1,225",31,Skirmisher,TR:CI RS:CI,Standard,,3063
White Raven,,75,"2,941",56,Skirmisher,RGv1 RG12,Advanced,,3127
Whitworth WTH-2,,40,936,25,Missile Boat,TR:3050U RS:3050Uu-I,Standard,,3050
Whitworth WTH-2H,,40,"1,148",28,Brawler,RG30 RG30,Standard,,3139
Wight WGT-1LAW/SC,,35,"1,142",29,Sniper,TR:J RS:J,Standard,,3069
Wight WGT-2SC,,35,"1,093",25,Brawler,TR:J RS:J,Standard,,3069
Wight WGT-3SC,,35,"1,125",24,Brawler,TR:J RS:J,Standard,,3076
Wolfhound WLF-2,,35,"1,061",28,Striker,TR:3050U RSFP:Wave 2,Standard,,3052
Wolfhound WLF-2H,,35,"1,511",35,Striker,TR:Proto RS:Proto,Advanced,,3082
Wolfhound WLF-4W,,35,"1,090",28,Sniper,TR:3050U RS:3050Uu-I,Standard,,3069
Wolfhound WLF-4WA,,35,"1,050",27,Sniper,SB:W&B RS:3050Uu-I,Standard,,3071
Wolfhound WLF-5,,35,"1,290",31,Striker,TR:3085 RS:3085u-CE,Standard,,3079
Wolfhound WLF-6S,,35,"1,266",35,Striker,RG17 RSFP:KH,Advanced,,3133
Wolverine II WVR-7H,,55,"1,301",34,Skirmisher,His:OK RS:OK,Standard,,2770
Wolverine WVR-10D,,55,"1,925",37,Skirmisher,RGv1 RG18,Standard,,3143
Wolverine WVR-10V2,,55,"1,747",31,Sniper,RGv1 RG18,Standard,,3143
Wolverine WVR-11M,,55,"1,778",35,Skirmisher,RGv1 RG18,Standard,,3122
Wolverine WVR-6R,,55,"1,101",30,Skirmisher,TR:SW RSFP:Wave 1,Introductory,,2575
Wolverine WVR-7D,,55,"1,314",34,Skirmisher,RGv1 RSFP:Wave 1,Standard,,3050
Wolverine WVR-7M,,55,"1,673",34,Skirmisher,RGv1 RG18,Standard,,3050
Wolverine WVR-7M2,,55,"1,752",36,Skirmisher,RGv1 RG18,Standard,,3072
Wolverine WVR-8C,,55,"1,447",39,Skirmisher,TR:CI RS:CI,Standard,,3067
Wolverine WVR-8K,,55,"1,576",38,Skirmisher,TR:CI RS:CI,Standard,,3064
Wolverine WVR-9M,,55,"1,617",38,Skirmisher,BattleCorps RS:3085u-PP,Standard,,3073
Wolverine WVR-9R,,55,"1,481",39,Skirmisher,RGv1 RG18,Standard,,3089
Wolverine WVR-9W2,,55,"1,480",49,Striker,TR:3085 RS:3085u-PP,Standard,,3077
Wraith TR1,,55,"1,287",41,Skirmisher,TR:CI RS:CI,Standard,,3055
Wraith TR2,,55,"1,485",38,Skirmisher,TR:CI RS:CI,Standard,,3057
Wraith TR5,,55,"1,581",42,Skirmisher,RG25 RG25,Standard,,3140
Wyvern WVE-5N,,45,"1,089",27,Brawler,TR:3050U RS:3050Uu-C,Standard,,2660
Xanthos XNT-5O,,100,"2,146",57,Skirmisher,TR:DA RS:DA,Standard,,3076
Yeoman YMN-10-OR,,60,"1,319",34,Missile Boat,TR:3060 RS:3060u,Standard,,3070
Yeoman YMN-6Y,,60,"1,344",33,Missile Boat,TR:3060 RS:3060u,Standard,,3060
Zeus ZEU-9T,,80,"1,835",42,Brawler,TR:3050U RS:3050Uu-I,Standard,,3062
Zeus-X ZEU-9WD,,80,"1,716",39,Brawler,TR:3050U RS:3050Uu-I,Standard,,3067